Date,Year,Study,Time,Temperature,Soil moisture,Precipitation,RH%,Soil temp
08-05,2022,Summer 2022,12:00,24.09,0.137,0.00,95.50,22.61
08-05,2022,Summer 2022,13:00,24.73,0.137,0.00,90.70,22.91
08-05,2022,Summer 2022,14:00,25.54,0.137,0.00,85.80,23.20
08-05,2022,Summer 2022,15:00,27.08,0.136,0.00,77.92,23.87
08-05,2022,Summer 2022,16:00,27.76,0.136,0.00,74.25,24.65
08-05,2022,Summer 2022,17:00,28.14,0.136,0.00,72.95,24.83
08-05,2022,Summer 2022,18:00,28.54,0.136,0.00,71.11,24.90
08-05,2022,Summer 2022,19:00,28.72,0.135,0.00,68.64,24.97
08-05,2022,Summer 2022,20:00,28.64,0.135,0.00,69.93,24.95
08-05,2022,Summer 2022,21:00,26.98,0.135,0.00,82.90,24.77
08-05,2022,Summer 2022,22:00,24.65,0.135,0.00,96.40,24.49
08-05,2022,Summer 2022,23:00,23.25,0.135,0.00,100.00,24.13
08-05,2022,Summer 2022,24:00,23.23,0.135,0.00,100.00,23.79
08-06,2022,Summer 2022,01:00,22.82,0.134,0.00,100.00,23.50
08-06,2022,Summer 2022,02:00,22.90,0.134,0.00,100.00,23.25
08-06,2022,Summer 2022,03:00,22.58,0.134,0.00,100.00,23.04
08-06,2022,Summer 2022,04:00,21.78,0.134,0.00,100.00,22.85
08-06,2022,Summer 2022,05:00,21.27,0.134,0.00,100.00,22.63
08-06,2022,Summer 2022,06:00,20.53,0.134,0.00,100.00,22.41
08-06,2022,Summer 2022,07:00,20.72,0.134,0.00,100.00,22.19
08-06,2022,Summer 2022,08:00,21.64,0.134,0.00,100.00,22.03
08-06,2022,Summer 2022,09:00,23.87,0.134,0.00,99.80,22.08
08-06,2022,Summer 2022,10:00,25.54,0.134,0.00,93.10,22.41
08-06,2022,Summer 2022,11:00,27.23,0.134,0.00,82.90,23.00
08-06,2022,Summer 2022,12:00,28.08,0.134,0.00,78.37,23.83
08-06,2022,Summer 2022,13:00,29.07,0.133,0.00,71.63,24.72
08-06,2022,Summer 2022,14:00,29.75,0.133,0.00,67.01,25.53
08-06,2022,Summer 2022,15:00,30.09,0.132,0.00,64.45,26.30
08-06,2022,Summer 2022,16:00,30.68,0.132,0.00,62.71,26.74
08-06,2022,Summer 2022,17:00,30.66,0.131,0.00,60.27,26.58
08-06,2022,Summer 2022,18:00,30.59,0.131,0.00,58.79,26.32
08-06,2022,Summer 2022,19:00,30.19,0.130,0.00,61.12,26.28
08-06,2022,Summer 2022,20:00,29.47,0.130,0.00,65.80,26.16
08-06,2022,Summer 2022,21:00,27.83,0.130,0.00,74.53,25.83
08-06,2022,Summer 2022,22:00,25.71,0.130,0.00,87.50,25.41
08-06,2022,Summer 2022,23:00,24.93,0.129,0.00,92.10,24.99
08-06,2022,Summer 2022,24:00,24.10,0.129,0.00,97.20,24.62
08-07,2022,Summer 2022,01:00,24.43,0.129,0.00,93.70,24.30
08-07,2022,Summer 2022,02:00,24.00,0.129,0.00,96.00,24.03
08-07,2022,Summer 2022,03:00,23.33,0.129,0.00,99.80,23.79
08-07,2022,Summer 2022,04:00,23.15,0.129,0.00,100.00,23.55
08-07,2022,Summer 2022,05:00,23.06,0.129,0.00,100.00,23.35
08-07,2022,Summer 2022,06:00,23.20,0.129,0.00,100.00,23.17
08-07,2022,Summer 2022,07:00,23.27,0.129,0.00,100.00,23.04
08-07,2022,Summer 2022,08:00,23.63,0.129,0.00,100.00,22.94
08-07,2022,Summer 2022,09:00,24.56,0.129,0.00,99.80,22.96
08-07,2022,Summer 2022,10:00,26.10,0.129,0.00,93.20,23.09
08-07,2022,Summer 2022,11:00,26.88,0.129,0.00,88.60,23.45
08-07,2022,Summer 2022,12:00,28.41,0.128,0.00,79.51,24.04
08-07,2022,Summer 2022,13:00,29.17,0.128,0.00,75.65,25.00
08-07,2022,Summer 2022,14:00,29.41,0.128,0.00,76.13,25.83
08-07,2022,Summer 2022,15:00,27.43,0.129,7.11,83.40,26.24
08-07,2022,Summer 2022,16:00,23.34,0.137,0.76,100.00,25.97
08-07,2022,Summer 2022,17:00,23.66,0.137,0.00,99.70,25.48
08-07,2022,Summer 2022,18:00,24.06,0.137,0.00,98.00,25.21
08-07,2022,Summer 2022,19:00,25.22,0.137,0.00,91.80,25.13
08-07,2022,Summer 2022,20:00,25.11,0.137,0.00,91.90,25.07
08-07,2022,Summer 2022,21:00,24.59,0.137,0.00,97.70,24.89
08-07,2022,Summer 2022,22:00,24.07,0.137,0.00,100.00,24.66
08-07,2022,Summer 2022,23:00,24.13,0.137,0.00,100.00,24.44
08-07,2022,Summer 2022,24:00,23.95,0.137,0.25,100.00,24.25
08-08,2022,Summer 2022,01:00,23.41,0.139,0.51,100.00,24.09
08-08,2022,Summer 2022,02:00,23.25,0.139,0.00,100.00,23.94
08-08,2022,Summer 2022,03:00,23.14,0.139,0.00,100.00,23.79
08-08,2022,Summer 2022,04:00,22.80,0.139,0.00,100.00,23.64
08-08,2022,Summer 2022,05:00,22.42,0.139,0.00,100.00,23.50
08-08,2022,Summer 2022,06:00,22.03,0.139,0.00,100.00,23.35
08-08,2022,Summer 2022,07:00,21.89,0.140,0.76,100.00,23.20
08-08,2022,Summer 2022,08:00,22.13,0.141,0.25,100.00,23.06
08-08,2022,Summer 2022,09:00,22.71,0.141,0.00,100.00,22.98
08-08,2022,Summer 2022,10:00,24.31,0.141,0.00,100.00,23.06
08-08,2022,Summer 2022,11:00,25.65,0.141,0.00,98.40,23.30
08-08,2022,Summer 2022,12:00,27.26,0.141,0.00,88.70,23.71
08-08,2022,Summer 2022,13:00,27.14,0.141,0.00,85.90,24.11
08-08,2022,Summer 2022,14:00,27.74,0.140,0.00,71.40,24.39
08-08,2022,Summer 2022,15:00,28.09,0.140,0.00,67.94,24.82
08-08,2022,Summer 2022,16:00,28.01,0.139,0.00,71.95,25.11
08-08,2022,Summer 2022,17:00,26.87,0.139,0.00,78.00,25.07
08-08,2022,Summer 2022,18:00,25.22,0.139,0.00,85.80,24.94
08-08,2022,Summer 2022,19:00,24.63,0.138,0.00,89.00,24.69
08-08,2022,Summer 2022,20:00,24.21,0.138,0.00,91.00,24.42
08-08,2022,Summer 2022,21:00,23.93,0.138,0.00,83.30,24.20
08-08,2022,Summer 2022,22:00,21.62,0.138,0.00,83.40,23.91
08-08,2022,Summer 2022,23:00,20.51,0.137,0.00,84.60,23.50
08-08,2022,Summer 2022,24:00,19.83,0.137,0.00,84.50,23.12
08-09,2022,Summer 2022,01:00,18.97,0.137,0.00,90.00,22.77
08-09,2022,Summer 2022,02:00,17.45,0.137,0.00,99.60,22.46
08-09,2022,Summer 2022,03:00,17.22,0.137,0.00,100.00,22.19
08-09,2022,Summer 2022,04:00,17.54,0.136,0.00,95.80,21.95
08-09,2022,Summer 2022,05:00,17.37,0.136,0.00,91.40,21.73
08-09,2022,Summer 2022,06:00,16.15,0.136,0.00,98.20,21.45
08-09,2022,Summer 2022,07:00,15.06,0.136,0.00,99.80,21.15
08-09,2022,Summer 2022,08:00,15.93,0.136,0.00,96.50,20.84
08-09,2022,Summer 2022,09:00,16.80,0.136,0.00,90.40,20.71
08-09,2022,Summer 2022,10:00,17.92,0.136,0.00,83.50,20.82
08-09,2022,Summer 2022,11:00,18.62,0.135,0.00,78.15,21.13
08-09,2022,Summer 2022,12:00,19.95,0.135,0.00,69.52,21.63
08-09,2022,Summer 2022,13:00,20.88,0.135,0.00,65.40,22.46
08-09,2022,Summer 2022,14:00,21.99,0.135,0.00,61.79,23.42
08-09,2022,Summer 2022,15:00,22.44,0.134,0.00,59.39,24.24
08-09,2022,Summer 2022,16:00,22.98,0.133,0.00,58.08,24.72
08-09,2022,Summer 2022,17:00,23.05,0.133,0.00,59.44,24.57
08-09,2022,Summer 2022,18:00,23.20,0.133,0.00,59.37,24.36
08-09,2022,Summer 2022,19:00,23.09,0.132,0.00,59.03,24.32
08-09,2022,Summer 2022,20:00,22.62,0.132,0.00,61.31,24.18
08-09,2022,Summer 2022,21:00,21.18,0.132,0.00,71.98,23.81
08-09,2022,Summer 2022,22:00,18.41,0.131,0.00,91.10,23.30
08-09,2022,Summer 2022,23:00,16.60,0.131,0.00,100.00,22.73
08-09,2022,Summer 2022,24:00,15.49,0.131,0.00,100.00,22.18
08-10,2022,Summer 2022,01:00,14.75,0.130,0.00,100.00,21.66
08-10,2022,Summer 2022,02:00,14.15,0.130,0.00,100.00,21.20
08-10,2022,Summer 2022,03:00,13.73,0.130,0.00,100.00,20.78
08-10,2022,Summer 2022,04:00,13.18,0.130,0.00,100.00,20.39
08-10,2022,Summer 2022,05:00,12.72,0.129,0.00,100.00,20.03
08-10,2022,Summer 2022,06:00,12.58,0.129,0.00,100.00,19.69
08-10,2022,Summer 2022,07:00,12.33,0.129,0.00,100.00,19.39
08-10,2022,Summer 2022,08:00,14.05,0.129,0.00,100.00,19.14
08-10,2022,Summer 2022,09:00,17.74,0.129,0.00,95.50,19.14
08-10,2022,Summer 2022,10:00,20.15,0.129,0.00,83.10,19.49
08-10,2022,Summer 2022,11:00,21.78,0.129,0.00,73.80,20.09
08-10,2022,Summer 2022,12:00,23.02,0.129,0.00,63.77,20.95
08-10,2022,Summer 2022,13:00,23.54,0.129,0.00,61.23,21.76
08-10,2022,Summer 2022,14:00,24.63,0.129,0.00,57.05,22.51
08-10,2022,Summer 2022,15:00,25.35,0.128,0.00,55.15,23.44
08-10,2022,Summer 2022,16:00,26.00,0.128,0.00,51.94,24.05
08-10,2022,Summer 2022,17:00,26.20,0.127,0.00,53.72,23.90
08-10,2022,Summer 2022,18:00,26.52,0.127,0.00,55.73,23.70
08-10,2022,Summer 2022,19:00,26.47,0.127,0.00,56.35,23.80
08-10,2022,Summer 2022,20:00,25.87,0.127,0.00,58.40,23.76
08-10,2022,Summer 2022,21:00,24.14,0.126,0.00,64.10,23.44
08-10,2022,Summer 2022,22:00,21.84,0.126,0.00,75.11,23.02
08-10,2022,Summer 2022,23:00,20.43,0.126,0.00,83.00,22.58
08-10,2022,Summer 2022,24:00,19.69,0.126,0.00,85.90,22.17
08-11,2022,Summer 2022,01:00,19.08,0.126,0.00,89.90,21.82
08-11,2022,Summer 2022,02:00,19.68,0.125,0.00,83.90,21.56
08-11,2022,Summer 2022,03:00,20.27,0.125,0.00,83.10,21.34
08-11,2022,Summer 2022,04:00,20.53,0.125,0.00,83.60,21.18
08-11,2022,Summer 2022,05:00,20.49,0.125,0.00,76.15,21.07
08-11,2022,Summer 2022,06:00,19.81,0.125,0.00,60.94,20.94
08-11,2022,Summer 2022,07:00,18.82,0.125,0.00,60.71,20.73
08-11,2022,Summer 2022,08:00,18.48,0.125,0.00,63.12,20.51
08-11,2022,Summer 2022,09:00,19.06,0.125,0.00,61.68,20.40
08-11,2022,Summer 2022,10:00,20.25,0.125,0.00,55.58,20.49
08-11,2022,Summer 2022,11:00,21.13,0.124,0.00,51.98,20.80
08-11,2022,Summer 2022,12:00,22.08,0.124,0.00,49.93,21.38
08-11,2022,Summer 2022,13:00,22.77,0.124,0.00,47.43,22.27
08-11,2022,Summer 2022,14:00,23.25,0.124,0.00,47.42,23.24
08-11,2022,Summer 2022,15:00,23.44,0.123,0.00,47.45,24.06
08-11,2022,Summer 2022,16:00,23.41,0.123,0.00,47.65,24.45
10-14,2022,Fall 2022,14:00,10.99,0.146,0.00,34.86,11.02
10-14,2022,Fall 2022,15:00,12.32,0.146,0.00,31.65,11.58
10-14,2022,Fall 2022,16:00,12.40,0.146,0.00,32.22,11.97
10-14,2022,Fall 2022,17:00,12.03,0.145,0.00,31.00,12.03
10-14,2022,Fall 2022,18:00,11.95,0.145,0.00,30.54,11.96
10-14,2022,Fall 2022,19:00,11.28,0.145,0.00,32.70,11.77
10-14,2022,Fall 2022,20:00,10.07,0.144,0.00,38.10,11.51
10-14,2022,Fall 2022,21:00,9.53,0.144,0.00,39.68,11.19
10-14,2022,Fall 2022,22:00,10.29,0.144,0.00,34.69,10.89
10-14,2022,Fall 2022,23:00,10.78,0.144,0.00,32.76,10.67
10-14,2022,Fall 2022,24:00,10.74,0.144,0.00,34.56,10.50
10-15,2022,Fall 2022,01:00,11.03,0.144,0.00,38.78,10.36
10-15,2022,Fall 2022,02:00,8.22,0.144,0.51,77.77,10.29
10-15,2022,Fall 2022,03:00,6.78,0.144,0.76,96.40,10.26
10-15,2022,Fall 2022,04:00,6.06,0.145,0.00,100.00,10.21
10-15,2022,Fall 2022,05:00,5.06,0.146,1.27,99.80,10.16
10-15,2022,Fall 2022,06:00,4.54,0.147,0.00,99.90,10.05
10-15,2022,Fall 2022,07:00,4.11,0.147,0.00,99.60,9.91
10-15,2022,Fall 2022,08:00,3.38,0.147,0.00,97.70,9.71
10-15,2022,Fall 2022,09:00,3.16,0.147,0.00,95.90,9.49
10-15,2022,Fall 2022,10:00,4.53,0.147,0.00,83.60,9.37
10-15,2022,Fall 2022,11:00,6.27,0.147,0.00,70.18,9.46
10-15,2022,Fall 2022,12:00,6.90,0.147,0.00,65.73,9.74
10-15,2022,Fall 2022,13:00,7.54,0.147,0.00,60.68,10.10
10-15,2022,Fall 2022,14:00,8.64,0.147,0.00,55.20,10.37
10-15,2022,Fall 2022,15:00,10.12,0.147,0.00,48.43,10.70
10-15,2022,Fall 2022,16:00,11.19,0.147,0.00,44.37,11.14
10-15,2022,Fall 2022,17:00,10.64,0.147,0.00,45.23,11.38
10-15,2022,Fall 2022,18:00,10.26,0.146,0.00,47.70,11.41
10-15,2022,Fall 2022,19:00,9.24,0.146,0.00,51.31,11.27
10-15,2022,Fall 2022,20:00,7.51,0.145,0.00,60.01,10.97
10-15,2022,Fall 2022,21:00,6.15,0.145,0.00,67.32,10.62
10-15,2022,Fall 2022,22:00,5.60,0.145,0.00,69.75,10.28
10-15,2022,Fall 2022,23:00,5.45,0.145,0.00,71.41,9.98
10-15,2022,Fall 2022,24:00,6.02,0.145,0.00,70.37,9.75
10-16,2022,Fall 2022,01:00,6.59,0.145,0.00,68.14,9.64
10-16,2022,Fall 2022,02:00,6.82,0.145,0.00,68.61,9.57
10-16,2022,Fall 2022,03:00,6.94,0.145,0.00,69.28,9.53
10-16,2022,Fall 2022,04:00,6.93,0.145,0.00,70.50,9.48
10-16,2022,Fall 2022,05:00,6.96,0.145,0.00,69.63,9.45
10-16,2022,Fall 2022,06:00,6.69,0.144,0.00,70.68,9.39
10-16,2022,Fall 2022,07:00,6.42,0.144,0.00,73.78,9.33
10-16,2022,Fall 2022,08:00,5.69,0.144,0.00,79.56,9.28
10-16,2022,Fall 2022,09:00,4.64,0.144,0.00,89.30,9.19
10-16,2022,Fall 2022,10:00,7.25,0.145,0.00,76.48,9.11
10-16,2022,Fall 2022,11:00,9.14,0.145,0.00,68.30,9.34
10-16,2022,Fall 2022,12:00,10.04,0.145,0.00,62.42,9.80
10-16,2022,Fall 2022,13:00,11.42,0.145,0.00,55.73,10.37
10-16,2022,Fall 2022,14:00,11.99,0.145,0.00,54.77,11.06
10-16,2022,Fall 2022,15:00,12.14,0.145,0.00,55.81,11.53
10-16,2022,Fall 2022,16:00,12.17,0.145,0.00,56.27,11.85
10-16,2022,Fall 2022,17:00,10.71,0.144,0.00,64.32,11.99
10-16,2022,Fall 2022,18:00,9.99,0.144,0.00,68.17,11.91
10-16,2022,Fall 2022,19:00,9.04,0.144,0.00,71.20,11.75
10-16,2022,Fall 2022,20:00,8.08,0.144,0.00,80.20,11.48
10-16,2022,Fall 2022,21:00,6.97,0.143,0.00,88.80,11.24
10-16,2022,Fall 2022,22:00,6.60,0.143,0.25,95.60,11.03
10-16,2022,Fall 2022,23:00,6.04,0.144,0.25,100.00,10.85
10-16,2022,Fall 2022,24:00,5.78,0.144,0.25,100.00,10.69
10-17,2022,Fall 2022,01:00,5.38,0.144,0.51,100.00,10.54
10-17,2022,Fall 2022,02:00,5.12,0.145,0.25,100.00,10.39
10-17,2022,Fall 2022,03:00,4.60,0.147,1.52,100.00,10.24
10-17,2022,Fall 2022,04:00,4.27,0.148,0.51,100.00,10.08
10-17,2022,Fall 2022,05:00,4.11,0.148,0.00,100.00,9.92
10-17,2022,Fall 2022,06:00,3.58,0.149,0.51,99.90,9.77
10-17,2022,Fall 2022,07:00,3.35,0.149,0.00,99.90,9.60
10-17,2022,Fall 2022,08:00,3.08,0.149,0.00,99.90,9.46
10-17,2022,Fall 2022,09:00,2.69,0.149,0.00,99.90,9.33
10-17,2022,Fall 2022,10:00,3.00,0.149,0.00,99.90,9.24
10-17,2022,Fall 2022,11:00,3.91,0.149,0.51,98.60,9.29
10-17,2022,Fall 2022,12:00,3.73,0.150,0.25,99.90,9.40
10-17,2022,Fall 2022,13:00,3.78,0.150,0.25,99.90,9.52
10-17,2022,Fall 2022,14:00,3.90,0.150,0.00,98.40,9.61
10-17,2022,Fall 2022,15:00,3.35,0.151,1.02,99.40,9.66
10-17,2022,Fall 2022,16:00,4.47,0.152,0.00,99.20,9.66
10-17,2022,Fall 2022,17:00,6.86,0.153,0.00,88.70,9.80
10-17,2022,Fall 2022,18:00,7.17,0.153,0.25,85.00,9.93
10-17,2022,Fall 2022,19:00,6.37,0.153,0.76,84.60,9.97
10-17,2022,Fall 2022,20:00,5.67,0.153,0.00,86.50,9.80
10-17,2022,Fall 2022,21:00,5.17,0.153,0.00,87.90,9.60
10-17,2022,Fall 2022,22:00,4.67,0.153,0.00,88.60,9.41
10-17,2022,Fall 2022,23:00,4.12,0.153,0.00,85.70,9.23
10-17,2022,Fall 2022,24:00,3.68,0.153,0.00,90.50,9.04
10-18,2022,Fall 2022,01:00,3.29,0.153,0.00,92.40,8.88
10-18,2022,Fall 2022,02:00,3.44,0.153,0.00,84.80,8.74
10-18,2022,Fall 2022,03:00,3.37,0.153,0.00,82.80,8.61
10-18,2022,Fall 2022,04:00,3.26,0.153,0.00,82.20,8.46
10-18,2022,Fall 2022,05:00,3.08,0.153,0.00,82.00,8.34
10-18,2022,Fall 2022,06:00,2.98,0.152,0.00,80.40,8.22
10-18,2022,Fall 2022,07:00,2.87,0.152,0.00,79.94,8.11
10-18,2022,Fall 2022,08:00,2.77,0.152,0.00,79.61,7.99
10-18,2022,Fall 2022,09:00,2.87,0.152,0.00,77.10,7.87
10-18,2022,Fall 2022,10:00,3.36,0.152,0.00,75.46,7.81
10-18,2022,Fall 2022,11:00,3.89,0.152,0.00,74.61,7.84
10-18,2022,Fall 2022,12:00,3.88,0.152,0.00,79.08,7.93
10-18,2022,Fall 2022,13:00,4.17,0.152,0.00,83.50,8.06
10-18,2022,Fall 2022,14:00,4.61,0.152,0.25,77.65,8.29
10-18,2022,Fall 2022,15:00,4.62,0.152,0.00,81.40,8.44
10-18,2022,Fall 2022,16:00,3.92,0.152,0.51,93.70,8.55
10-18,2022,Fall 2022,17:00,3.52,0.153,0.76,99.40,8.53
10-18,2022,Fall 2022,18:00,3.49,0.154,0.51,99.50,8.47
10-18,2022,Fall 2022,19:00,3.34,0.154,0.25,99.90,8.37
10-18,2022,Fall 2022,20:00,3.37,0.154,0.25,99.70,8.23
10-18,2022,Fall 2022,21:00,3.72,0.155,0.00,97.00,8.10
10-18,2022,Fall 2022,22:00,3.93,0.155,0.00,95.70,7.99
10-18,2022,Fall 2022,23:00,4.03,0.155,0.00,92.80,7.91
10-18,2022,Fall 2022,24:00,3.88,0.155,0.00,93.80,7.83
10-19,2022,Fall 2022,01:00,3.89,0.154,0.00,93.50,7.78
10-19,2022,Fall 2022,02:00,3.87,0.154,0.00,92.20,7.72
10-19,2022,Fall 2022,03:00,3.32,0.155,0.76,97.60,7.67
10-19,2022,Fall 2022,04:00,3.11,0.155,0.25,99.90,7.61
10-19,2022,Fall 2022,05:00,3.36,0.156,0.25,97.80,7.55
10-19,2022,Fall 2022,06:00,3.44,0.156,0.00,94.60,7.50
10-19,2022,Fall 2022,07:00,3.65,0.156,0.00,89.80,7.43
10-19,2022,Fall 2022,08:00,3.53,0.156,0.00,91.40,7.38
10-19,2022,Fall 2022,09:00,3.34,0.156,0.25,94.90,7.33
10-19,2022,Fall 2022,10:00,3.25,0.156,0.51,97.10,7.31
10-19,2022,Fall 2022,11:00,3.58,0.157,0.00,94.70,7.35
10-19,2022,Fall 2022,12:00,4.39,0.157,0.00,81.30,7.47
10-19,2022,Fall 2022,13:00,4.80,0.157,0.00,73.89,7.67
10-19,2022,Fall 2022,14:00,5.86,0.157,0.00,65.32,7.88
10-19,2022,Fall 2022,15:00,6.26,0.157,0.00,63.17,8.17
10-19,2022,Fall 2022,16:00,6.95,0.157,0.00,59.97,8.38
10-19,2022,Fall 2022,17:00,6.64,0.157,0.00,58.67,8.54
10-19,2022,Fall 2022,18:00,5.52,0.156,0.00,60.20,8.56
10-19,2022,Fall 2022,19:00,4.47,0.156,0.00,60.44,8.42
10-19,2022,Fall 2022,20:00,3.96,0.156,0.00,62.88,8.20
10-19,2022,Fall 2022,21:00,3.41,0.156,0.00,65.59,7.99
10-19,2022,Fall 2022,22:00,3.13,0.156,0.00,64.54,7.79
10-19,2022,Fall 2022,23:00,2.79,0.156,0.00,70.39,7.64
10-19,2022,Fall 2022,24:00,2.09,0.156,0.00,76.33,7.52
10-20,2022,Fall 2022,01:00,0.97,0.155,0.00,85.50,7.38
10-20,2022,Fall 2022,02:00,1.29,0.155,0.00,87.20,7.22
10-20,2022,Fall 2022,03:00,1.73,0.155,0.00,85.90,7.09
10-20,2022,Fall 2022,04:00,1.58,0.155,0.00,86.60,6.99
10-20,2022,Fall 2022,05:00,1.99,0.155,0.00,81.80,6.89
10-20,2022,Fall 2022,06:00,2.01,0.155,0.00,78.91,6.82
10-20,2022,Fall 2022,07:00,2.08,0.155,0.00,75.72,6.75
10-20,2022,Fall 2022,08:00,2.33,0.155,0.00,73.36,6.69
10-20,2022,Fall 2022,09:00,2.59,0.155,0.00,72.92,6.64
10-20,2022,Fall 2022,10:00,3.08,0.155,0.00,71.68,6.62
10-20,2022,Fall 2022,11:00,3.50,0.155,0.00,70.03,6.66
10-20,2022,Fall 2022,12:00,3.39,0.155,0.00,74.35,6.71
10-20,2022,Fall 2022,13:00,2.54,0.155,0.00,85.20,6.79
10-20,2022,Fall 2022,14:00,3.63,0.156,0.00,78.59,6.90
10-20,2022,Fall 2022,15:00,6.47,0.156,0.00,59.76,7.20
10-20,2022,Fall 2022,16:00,8.33,0.156,0.00,49.71,7.78
10-20,2022,Fall 2022,17:00,8.71,0.156,0.00,44.81,8.13
10-20,2022,Fall 2022,18:00,8.85,0.156,0.00,40.39,8.25
10-20,2022,Fall 2022,19:00,7.50,0.155,0.00,42.06,8.23
10-20,2022,Fall 2022,20:00,4.30,0.155,0.00,59.25,8.01
10-20,2022,Fall 2022,21:00,1.40,0.154,0.00,79.08,7.71
10-20,2022,Fall 2022,22:00,0.12,0.154,0.00,89.60,7.39
10-20,2022,Fall 2022,23:00,-0.56,0.154,0.00,94.20,7.10
10-20,2022,Fall 2022,24:00,-0.26,0.154,0.00,88.50,6.83
10-21,2022,Fall 2022,01:00,-0.57,0.154,0.00,93.10,6.61
10-21,2022,Fall 2022,02:00,-1.00,0.154,0.00,96.90,6.41
10-21,2022,Fall 2022,03:00,0.33,0.154,0.00,82.80,6.23
10-21,2022,Fall 2022,04:00,2.21,0.154,0.00,69.25,6.09
10-21,2022,Fall 2022,05:00,2.54,0.154,0.00,68.31,6.00
10-21,2022,Fall 2022,06:00,1.92,0.154,0.00,75.06,5.92
10-21,2022,Fall 2022,07:00,2.53,0.154,0.00,73.30,5.83
10-21,2022,Fall 2022,08:00,3.23,0.154,0.00,70.65,5.77
10-21,2022,Fall 2022,09:00,4.11,0.154,0.00,68.57,5.72
10-21,2022,Fall 2022,10:00,7.55,0.155,0.00,57.81,5.75
10-21,2022,Fall 2022,11:00,10.50,0.155,0.00,50.16,6.03
10-21,2022,Fall 2022,12:00,13.39,0.155,0.00,44.82,6.61
10-21,2022,Fall 2022,13:00,15.71,0.155,0.00,40.85,7.48
10-21,2022,Fall 2022,14:00,17.90,0.156,0.00,36.85,8.48
10-21,2022,Fall 2022,15:00,19.35,0.156,0.00,33.94,9.48
10-21,2022,Fall 2022,16:00,20.16,0.156,0.00,31.94,10.25
10-21,2022,Fall 2022,17:00,20.50,0.155,0.00,31.66,10.58
10-21,2022,Fall 2022,18:00,20.10,0.155,0.00,33.61,10.68
10-21,2022,Fall 2022,19:00,18.66,0.155,0.00,38.01,10.65
10-21,2022,Fall 2022,20:00,16.36,0.155,0.00,44.63,10.47
10-21,2022,Fall 2022,21:00,15.41,0.154,0.00,47.50,10.22
10-21,2022,Fall 2022,22:00,15.79,0.155,0.00,45.28,10.00
10-21,2022,Fall 2022,23:00,16.15,0.154,0.00,42.89,9.84
10-21,2022,Fall 2022,24:00,15.83,0.154,0.00,43.60,9.72
10-22,2022,Fall 2022,01:00,15.29,0.154,0.00,44.95,9.61
10-22,2022,Fall 2022,02:00,14.64,0.154,0.00,46.39,9.52
10-22,2022,Fall 2022,03:00,13.97,0.154,0.00,47.90,9.42
10-22,2022,Fall 2022,04:00,13.59,0.154,0.00,48.33,9.33
10-22,2022,Fall 2022,05:00,12.55,0.154,0.00,51.65,9.23
10-22,2022,Fall 2022,06:00,12.18,0.154,0.00,53.77,9.13
10-22,2022,Fall 2022,07:00,11.07,0.153,0.00,58.20,9.02
10-22,2022,Fall 2022,08:00,10.65,0.153,0.00,61.76,8.90
10-22,2022,Fall 2022,09:00,10.93,0.153,0.00,62.74,8.79
10-22,2022,Fall 2022,10:00,12.93,0.154,0.00,57.90,8.79
10-22,2022,Fall 2022,11:00,15.28,0.154,0.00,53.53,9.01
10-22,2022,Fall 2022,12:00,17.89,0.154,0.00,49.86,9.51
10-22,2022,Fall 2022,13:00,20.29,0.154,0.00,45.80,10.28
10-22,2022,Fall 2022,14:00,22.30,0.154,0.00,40.37,11.19
10-22,2022,Fall 2022,15:00,23.73,0.154,0.00,36.35,12.08
10-22,2022,Fall 2022,16:00,23.98,0.154,0.00,35.25,12.76
10-22,2022,Fall 2022,17:00,23.77,0.153,0.00,36.57,12.99
10-22,2022,Fall 2022,18:00,22.97,0.153,0.00,38.92,13.02
10-22,2022,Fall 2022,19:00,21.32,0.153,0.00,43.47,12.93
10-22,2022,Fall 2022,20:00,17.38,0.152,0.00,55.85,12.68
10-22,2022,Fall 2022,21:00,15.07,0.152,0.00,63.99,12.32
10-22,2022,Fall 2022,22:00,15.99,0.152,0.00,59.30,11.97
10-22,2022,Fall 2022,23:00,16.90,0.152,0.00,57.01,11.71
10-22,2022,Fall 2022,24:00,16.28,0.152,0.00,61.08,11.54
10-23,2022,Fall 2022,01:00,14.91,0.152,0.00,67.93,11.41
10-23,2022,Fall 2022,02:00,13.87,0.151,0.00,74.26,11.25
10-23,2022,Fall 2022,03:00,12.42,0.151,0.00,82.20,11.08
10-23,2022,Fall 2022,04:00,10.71,0.151,0.00,93.30,10.90
10-23,2022,Fall 2022,05:00,10.24,0.151,0.00,96.60,10.71
10-23,2022,Fall 2022,06:00,9.99,0.151,0.00,98.00,10.52
10-23,2022,Fall 2022,07:00,9.99,0.151,0.00,97.90,10.33
10-23,2022,Fall 2022,08:00,11.04,0.151,0.00,93.20,10.17
10-23,2022,Fall 2022,09:00,12.27,0.151,0.00,86.50,10.09
10-23,2022,Fall 2022,10:00,13.54,0.151,0.00,80.60,10.14
10-23,2022,Fall 2022,11:00,15.99,0.151,0.00,71.67,10.32
10-23,2022,Fall 2022,12:00,18.74,0.151,0.00,62.06,10.79
10-23,2022,Fall 2022,13:00,20.38,0.151,0.00,56.87,11.38
10-23,2022,Fall 2022,14:00,22.37,0.152,0.00,49.43,12.13
10-23,2022,Fall 2022,15:00,22.97,0.151,0.00,45.75,12.96
10-23,2022,Fall 2022,16:00,23.23,0.151,0.00,44.50,13.54
10-23,2022,Fall 2022,17:00,23.32,0.151,0.00,42.49,13.75
10-23,2022,Fall 2022,18:00,22.77,0.151,0.00,42.89,13.78
10-23,2022,Fall 2022,19:00,21.47,0.151,0.00,46.68,13.68
10-23,2022,Fall 2022,20:00,19.68,0.150,0.00,51.52,13.48
10-23,2022,Fall 2022,21:00,18.19,0.150,0.00,56.66,13.24
10-23,2022,Fall 2022,22:00,17.09,0.150,0.00,61.84,13.00
10-23,2022,Fall 2022,23:00,16.29,0.150,0.00,65.14,12.78
10-23,2022,Fall 2022,24:00,15.57,0.150,0.00,67.69,12.58
10-24,2022,Fall 2022,01:00,15.77,0.150,0.00,65.75,12.40
10-24,2022,Fall 2022,02:00,16.24,0.150,0.00,62.43,12.26
10-24,2022,Fall 2022,03:00,15.61,0.149,0.00,64.27,12.15
10-24,2022,Fall 2022,04:00,14.59,0.149,0.00,68.73,12.06
10-24,2022,Fall 2022,05:00,14.42,0.149,0.00,68.81,11.99
10-24,2022,Fall 2022,06:00,13.94,0.149,0.00,69.38,11.90
10-24,2022,Fall 2022,07:00,14.38,0.149,0.00,66.14,11.81
10-24,2022,Fall 2022,08:00,14.24,0.149,0.00,65.43,11.74
10-24,2022,Fall 2022,09:00,14.22,0.149,0.00,64.77,11.65
10-24,2022,Fall 2022,10:00,15.77,0.149,0.00,58.59,11.64
10-24,2022,Fall 2022,11:00,18.29,0.149,0.00,50.29,11.84
10-24,2022,Fall 2022,12:00,20.30,0.149,0.00,45.83,12.29
10-24,2022,Fall 2022,13:00,22.50,0.149,0.00,43.43,12.90
10-24,2022,Fall 2022,14:00,23.66,0.149,0.00,42.73,13.65
10-24,2022,Fall 2022,15:00,24.32,0.149,0.00,41.88,14.38
10-24,2022,Fall 2022,16:00,23.70,0.148,0.00,41.75,14.88
10-24,2022,Fall 2022,17:00,23.34,0.148,0.00,40.57,14.95
10-24,2022,Fall 2022,18:00,22.57,0.148,0.00,38.45,14.87
10-24,2022,Fall 2022,19:00,21.39,0.148,0.00,39.51,14.65
10-24,2022,Fall 2022,20:00,20.30,0.148,0.00,41.46,14.40
10-24,2022,Fall 2022,21:00,19.87,0.147,0.00,40.96,14.15
10-24,2022,Fall 2022,22:00,19.75,0.147,0.00,39.93,13.94
10-24,2022,Fall 2022,23:00,19.03,0.147,0.00,42.58,13.77
10-24,2022,Fall 2022,24:00,18.52,0.147,0.00,44.49,13.61
10-25,2022,Fall 2022,01:00,17.92,0.147,0.00,46.04,13.45
10-25,2022,Fall 2022,02:00,17.33,0.147,0.00,47.18,13.28
10-25,2022,Fall 2022,03:00,16.24,0.146,0.00,50.08,13.09
10-25,2022,Fall 2022,04:00,15.14,0.146,0.00,53.31,12.87
10-25,2022,Fall 2022,05:00,13.58,0.146,0.00,58.58,12.62
10-25,2022,Fall 2022,06:00,13.45,0.146,0.00,58.16,12.37
10-25,2022,Fall 2022,07:00,12.81,0.146,0.00,59.90,12.14
10-25,2022,Fall 2022,08:00,12.31,0.145,0.00,61.62,11.92
10-25,2022,Fall 2022,09:00,12.25,0.145,0.00,62.19,11.72
10-25,2022,Fall 2022,10:00,14.68,0.146,0.00,54.41,11.61
10-25,2022,Fall 2022,11:00,17.55,0.146,0.00,49.12,11.75
10-25,2022,Fall 2022,12:00,19.78,0.146,0.00,48.98,12.19
10-25,2022,Fall 2022,13:00,21.69,0.146,0.00,47.54,12.82
10-25,2022,Fall 2022,14:00,21.16,0.145,0.00,49.85,13.43
10-25,2022,Fall 2022,15:00,20.65,0.145,0.00,51.23,13.66
10-25,2022,Fall 2022,16:00,21.43,0.145,0.00,51.71,13.83
10-25,2022,Fall 2022,17:00,21.30,0.145,0.00,53.99,13.99
10-25,2022,Fall 2022,18:00,21.12,0.145,0.00,56.36,14.08
10-25,2022,Fall 2022,19:00,20.95,0.145,0.00,57.41,14.08
10-25,2022,Fall 2022,20:00,20.81,0.145,0.00,60.08,14.05
10-25,2022,Fall 2022,21:00,18.45,0.145,0.25,78.92,14.04
10-25,2022,Fall 2022,22:00,16.27,0.146,1.27,99.60,14.02
10-25,2022,Fall 2022,23:00,16.08,0.147,0.00,100.00,13.99
10-25,2022,Fall 2022,24:00,15.86,0.147,0.00,100.00,13.95
10-26,2022,Fall 2022,01:00,15.80,0.148,0.25,100.00,13.91
10-26,2022,Fall 2022,02:00,15.46,0.148,0.00,100.00,13.86
10-26,2022,Fall 2022,03:00,15.15,0.148,0.25,100.00,13.80
10-26,2022,Fall 2022,04:00,15.09,0.149,0.00,100.00,13.75
10-26,2022,Fall 2022,05:00,15.18,0.149,0.00,100.00,13.71
10-26,2022,Fall 2022,06:00,15.09,0.150,0.76,100.00,13.69
10-26,2022,Fall 2022,07:00,14.83,0.152,0.25,100.00,13.67
10-26,2022,Fall 2022,08:00,14.96,0.152,0.00,100.00,13.65
10-26,2022,Fall 2022,09:00,13.35,0.154,1.52,100.00,13.64
10-26,2022,Fall 2022,10:00,9.13,0.155,0.25,100.00,13.55
10-26,2022,Fall 2022,11:00,7.52,0.155,0.25,100.00,13.30
10-26,2022,Fall 2022,12:00,7.01,0.156,0.76,100.00,12.99
10-26,2022,Fall 2022,13:00,7.08,0.158,1.27,100.00,12.72
10-26,2022,Fall 2022,14:00,7.29,0.159,0.25,99.30,12.61
10-26,2022,Fall 2022,15:00,7.37,0.159,0.25,96.30,12.52
10-26,2022,Fall 2022,16:00,7.06,0.159,0.00,90.40,12.43
10-26,2022,Fall 2022,17:00,7.44,0.159,0.00,76.19,12.31
10-26,2022,Fall 2022,18:00,7.20,0.159,0.00,74.96,12.13
10-26,2022,Fall 2022,19:00,6.74,0.159,0.00,72.64,11.91
10-26,2022,Fall 2022,20:00,6.42,0.159,0.00,71.39,11.64
10-26,2022,Fall 2022,21:00,6.09,0.158,0.00,73.15,11.36
10-26,2022,Fall 2022,22:00,5.78,0.158,0.00,70.08,11.13
10-26,2022,Fall 2022,23:00,5.62,0.158,0.00,70.17,10.89
10-26,2022,Fall 2022,24:00,5.26,0.158,0.00,70.38,10.65
10-27,2022,Fall 2022,01:00,4.81,0.158,0.00,71.90,10.42
10-27,2022,Fall 2022,02:00,4.49,0.157,0.00,73.41,10.17
10-27,2022,Fall 2022,03:00,2.17,0.157,0.00,87.50,9.93
10-27,2022,Fall 2022,04:00,0.09,0.157,0.00,99.60,9.64
10-27,2022,Fall 2022,05:00,-0.72,0.156,0.00,99.90,9.33
10-27,2022,Fall 2022,06:00,-1.33,0.156,0.00,99.90,9.03
10-27,2022,Fall 2022,07:00,-1.52,0.156,0.00,99.90,8.74
10-27,2022,Fall 2022,08:00,-1.76,0.156,0.00,99.90,8.47
10-27,2022,Fall 2022,09:00,-0.99,0.156,0.00,99.90,8.21
10-27,2022,Fall 2022,10:00,2.68,0.157,0.00,87.10,8.05
10-27,2022,Fall 2022,11:00,5.67,0.157,0.00,71.71,8.16
10-27,2022,Fall 2022,12:00,6.45,0.157,0.00,66.97,8.58
10-27,2022,Fall 2022,13:00,7.52,0.157,0.00,63.37,9.18
10-27,2022,Fall 2022,14:00,8.68,0.157,0.00,58.09,9.88
10-27,2022,Fall 2022,15:00,9.63,0.157,0.00,53.60,10.65
10-27,2022,Fall 2022,16:00,10.39,0.157,0.00,48.98,11.23
10-27,2022,Fall 2022,17:00,10.42,0.157,0.00,48.45,11.38
10-27,2022,Fall 2022,18:00,10.02,0.157,0.00,49.23,11.26
10-27,2022,Fall 2022,19:00,8.32,0.156,0.00,56.85,11.04
10-27,2022,Fall 2022,20:00,6.80,0.156,0.00,62.87,10.70
10-27,2022,Fall 2022,21:00,5.96,0.156,0.00,66.15,10.34
10-27,2022,Fall 2022,22:00,4.87,0.155,0.00,71.18,10.00
10-27,2022,Fall 2022,23:00,3.89,0.155,0.00,75.50,9.68
10-27,2022,Fall 2022,24:00,1.84,0.155,0.00,88.40,9.36
10-28,2022,Fall 2022,01:00,1.16,0.155,0.00,93.10,9.05
10-28,2022,Fall 2022,02:00,1.78,0.155,0.00,91.60,8.78
10-28,2022,Fall 2022,03:00,3.46,0.155,0.00,84.80,8.58
10-28,2022,Fall 2022,04:00,3.40,0.155,0.00,90.20,8.41
10-28,2022,Fall 2022,05:00,3.50,0.155,0.00,93.60,8.26
10-28,2022,Fall 2022,06:00,2.89,0.154,0.00,97.00,8.12
10-28,2022,Fall 2022,07:00,2.06,0.154,0.00,99.70,7.96
10-28,2022,Fall 2022,08:00,1.44,0.154,0.00,100.00,7.80
10-28,2022,Fall 2022,09:00,1.27,0.154,0.00,100.00,7.67
10-28,2022,Fall 2022,10:00,2.72,0.154,0.00,99.30,7.62
10-28,2022,Fall 2022,11:00,6.26,0.155,0.00,87.90,7.72
10-28,2022,Fall 2022,12:00,9.02,0.155,0.00,77.87,8.26
10-28,2022,Fall 2022,13:00,11.06,0.156,0.00,67.52,8.97
10-28,2022,Fall 2022,14:00,13.23,0.156,0.00,55.93,9.74
10-28,2022,Fall 2022,15:00,14.27,0.156,0.00,49.46,10.62
10-28,2022,Fall 2022,16:00,14.88,0.156,0.00,44.79,11.32
10-28,2022,Fall 2022,17:00,14.97,0.156,0.00,45.81,11.56
10-28,2022,Fall 2022,18:00,14.58,0.155,0.00,45.76,11.53
10-28,2022,Fall 2022,19:00,12.50,0.155,0.00,53.11,11.34
10-28,2022,Fall 2022,20:00,8.44,0.154,0.00,69.04,10.98
10-28,2022,Fall 2022,21:00,6.03,0.154,0.00,79.44,10.56
10-28,2022,Fall 2022,22:00,4.56,0.154,0.00,86.50,10.14
10-28,2022,Fall 2022,23:00,2.82,0.154,0.00,96.50,9.75
10-28,2022,Fall 2022,24:00,1.99,0.153,0.00,99.80,9.39
10-29,2022,Fall 2022,01:00,2.38,0.153,0.00,98.20,9.05
10-29,2022,Fall 2022,02:00,1.38,0.153,0.00,98.70,8.75
10-29,2022,Fall 2022,03:00,0.04,0.153,0.00,99.90,8.45
10-29,2022,Fall 2022,04:00,-0.58,0.153,0.00,99.90,8.16
10-29,2022,Fall 2022,05:00,-1.33,0.152,0.00,99.90,7.86
10-29,2022,Fall 2022,06:00,-1.39,0.152,0.00,99.90,7.60
10-29,2022,Fall 2022,07:00,-1.72,0.152,0.00,99.90,7.39
10-29,2022,Fall 2022,08:00,-1.80,0.152,0.00,99.90,7.23
10-29,2022,Fall 2022,09:00,-0.82,0.152,0.00,99.90,7.11
10-29,2022,Fall 2022,10:00,1.24,0.153,0.00,100.00,7.10
10-29,2022,Fall 2022,11:00,3.86,0.153,0.00,100.00,7.30
10-29,2022,Fall 2022,12:00,8.15,0.154,0.00,88.70,7.72
10-29,2022,Fall 2022,13:00,12.92,0.154,0.00,53.00,8.48
10-29,2022,Fall 2022,14:00,14.59,0.154,0.00,42.65,9.44
10-29,2022,Fall 2022,15:00,15.86,0.154,0.00,39.38,10.37
10-29,2022,Fall 2022,16:00,16.91,0.154,0.00,33.30,11.08
10-29,2022,Fall 2022,17:00,17.40,0.154,0.00,30.14,11.31
10-29,2022,Fall 2022,18:00,17.09,0.154,0.00,34.59,11.29
10-29,2022,Fall 2022,19:00,14.15,0.153,0.00,44.67,11.10
10-29,2022,Fall 2022,20:00,10.29,0.153,0.00,58.49,10.75
10-29,2022,Fall 2022,21:00,7.86,0.153,0.00,68.34,10.35
10-29,2022,Fall 2022,22:00,6.07,0.152,0.00,76.75,9.95
10-29,2022,Fall 2022,23:00,4.54,0.152,0.00,83.90,9.59
10-29,2022,Fall 2022,24:00,3.54,0.152,0.00,89.40,9.24
10-30,2022,Fall 2022,01:00,2.48,0.152,0.00,95.20,8.92
10-30,2022,Fall 2022,02:00,2.05,0.151,0.00,97.90,8.63
10-30,2022,Fall 2022,03:00,1.42,0.151,0.00,99.30,8.37
10-30,2022,Fall 2022,04:00,0.87,0.151,0.00,99.90,8.12
10-30,2022,Fall 2022,05:00,0.48,0.151,0.00,99.90,7.90
10-30,2022,Fall 2022,06:00,0.03,0.151,0.00,99.90,7.70
10-30,2022,Fall 2022,07:00,-0.19,0.151,0.00,99.90,7.50
10-30,2022,Fall 2022,08:00,0.52,0.151,0.00,99.90,7.36
10-30,2022,Fall 2022,09:00,1.71,0.151,0.00,100.00,7.29
10-30,2022,Fall 2022,10:00,4.80,0.151,0.00,99.90,7.30
10-30,2022,Fall 2022,11:00,9.33,0.152,0.00,87.10,7.54
10-30,2022,Fall 2022,12:00,13.38,0.152,0.00,67.21,8.14
10-30,2022,Fall 2022,13:00,15.10,0.152,0.00,58.77,8.90
10-30,2022,Fall 2022,14:00,15.40,0.152,0.00,57.02,9.57
10-30,2022,Fall 2022,15:00,15.45,0.152,0.00,55.80,9.97
10-30,2022,Fall 2022,16:00,15.24,0.152,0.00,57.34,10.19
10-30,2022,Fall 2022,17:00,15.37,0.152,0.00,57.80,10.38
10-30,2022,Fall 2022,18:00,14.96,0.152,0.00,59.94,10.52
10-30,2022,Fall 2022,19:00,13.73,0.152,0.00,63.59,10.52
10-30,2022,Fall 2022,20:00,12.35,0.152,0.00,70.01,10.41
10-30,2022,Fall 2022,21:00,11.58,0.152,0.00,71.69,10.27
10-30,2022,Fall 2022,22:00,10.60,0.152,0.00,75.88,10.08
10-30,2022,Fall 2022,23:00,10.79,0.152,0.00,75.72,9.92
10-30,2022,Fall 2022,24:00,10.03,0.152,0.00,81.00,9.82
10-31,2022,Fall 2022,01:00,10.25,0.151,0.00,80.60,9.75
10-31,2022,Fall 2022,02:00,10.73,0.152,0.00,80.70,9.71
10-31,2022,Fall 2022,03:00,10.93,0.152,0.00,85.30,9.70
10-31,2022,Fall 2022,04:00,10.63,0.152,1.78,98.40,9.73
10-31,2022,Fall 2022,05:00,10.34,0.161,3.81,100.00,9.79
10-31,2022,Fall 2022,06:00,10.14,0.164,1.52,100.00,9.85
10-31,2022,Fall 2022,07:00,10.14,0.166,0.51,100.00,9.89
10-31,2022,Fall 2022,08:00,10.29,0.168,0.51,100.00,9.93
10-31,2022,Fall 2022,09:00,10.44,0.169,0.25,100.00,9.98
10-31,2022,Fall 2022,10:00,10.86,0.169,0.25,100.00,10.04
10-31,2022,Fall 2022,11:00,11.61,0.170,0.00,100.00,10.16
10-31,2022,Fall 2022,12:00,12.62,0.171,0.00,100.00,10.40
10-31,2022,Fall 2022,13:00,13.51,0.172,0.00,100.00,10.74
10-31,2022,Fall 2022,14:00,14.38,0.173,0.00,99.90,11.12
10-31,2022,Fall 2022,15:00,14.84,0.174,0.00,99.00,11.48
10-31,2022,Fall 2022,16:00,14.53,0.174,0.00,99.90,11.69
10-31,2022,Fall 2022,17:00,14.09,0.175,0.00,100.00,11.78
10-31,2022,Fall 2022,18:00,14.14,0.175,0.00,100.00,11.82
10-31,2022,Fall 2022,19:00,14.03,0.176,0.00,100.00,11.86
10-31,2022,Fall 2022,20:00,13.70,0.176,0.00,100.00,11.84
10-31,2022,Fall 2022,21:00,13.45,0.176,0.00,100.00,11.80
10-31,2022,Fall 2022,22:00,13.07,0.177,0.00,100.00,11.75
10-31,2022,Fall 2022,23:00,13.17,0.177,0.00,100.00,11.69
10-31,2022,Fall 2022,24:00,13.12,0.177,0.00,100.00,11.67
11-01,2022,Fall 2022,01:00,13.06,0.177,0.00,100.00,11.65
11-01,2022,Fall 2022,02:00,12.96,0.177,0.00,100.00,11.62
11-01,2022,Fall 2022,03:00,11.98,0.177,0.00,100.00,11.56
11-01,2022,Fall 2022,04:00,11.93,0.177,0.00,100.00,11.42
11-01,2022,Fall 2022,05:00,11.71,0.178,0.00,100.00,11.35
11-01,2022,Fall 2022,06:00,10.20,0.177,0.00,100.00,11.27
11-01,2022,Fall 2022,07:00,9.63,0.177,0.00,100.00,11.09
11-01,2022,Fall 2022,08:00,9.64,0.178,0.00,100.00,10.96
11-01,2022,Fall 2022,09:00,9.69,0.178,0.00,100.00,10.92
11-01,2022,Fall 2022,10:00,9.89,0.178,0.00,100.00,10.92
11-01,2022,Fall 2022,11:00,10.77,0.178,0.00,99.70,10.99
11-01,2022,Fall 2022,12:00,12.60,0.178,0.00,89.60,11.19
11-01,2022,Fall 2022,13:00,15.39,0.178,0.00,72.62,11.58
11-01,2022,Fall 2022,14:00,17.23,0.178,0.00,62.07,12.24
11-01,2022,Fall 2022,15:00,18.47,0.178,0.00,54.20,12.94
11-01,2022,Fall 2022,16:00,18.96,0.178,0.00,49.93,13.45
11-01,2022,Fall 2022,17:00,18.97,0.178,0.00,46.49,13.60
11-01,2022,Fall 2022,18:00,18.36,0.177,0.00,45.72,13.53
11-01,2022,Fall 2022,19:00,16.09,0.177,0.00,50.67,13.32
11-01,2022,Fall 2022,20:00,11.65,0.176,0.00,71.40,12.97
11-01,2022,Fall 2022,21:00,9.35,0.176,0.00,83.80,12.56
11-01,2022,Fall 2022,22:00,7.84,0.176,0.00,94.10,12.16
11-01,2022,Fall 2022,23:00,6.56,0.176,0.00,99.60,11.79
11-01,2022,Fall 2022,24:00,5.47,0.175,0.00,100.00,11.43
11-02,2022,Fall 2022,01:00,4.83,0.175,0.00,100.00,11.10
11-02,2022,Fall 2022,02:00,4.13,0.175,0.00,100.00,10.78
11-02,2022,Fall 2022,03:00,3.38,0.175,0.00,100.00,10.48
11-02,2022,Fall 2022,04:00,2.98,0.175,0.00,99.90,10.20
11-02,2022,Fall 2022,05:00,2.73,0.175,0.00,99.90,9.93
11-02,2022,Fall 2022,06:00,2.47,0.174,0.00,99.90,9.68
11-02,2022,Fall 2022,07:00,2.28,0.174,0.00,100.00,9.45
11-02,2022,Fall 2022,08:00,2.38,0.174,0.00,100.00,9.24
11-02,2022,Fall 2022,09:00,2.76,0.174,0.00,100.00,9.04
11-02,2022,Fall 2022,10:00,6.45,0.175,0.00,98.60,8.91
11-02,2022,Fall 2022,11:00,11.40,0.175,0.00,82.60,9.02
11-02,2022,Fall 2022,12:00,15.58,0.176,0.00,63.96,9.47
11-02,2022,Fall 2022,13:00,17.27,0.175,0.00,54.58,10.21
11-02,2022,Fall 2022,14:00,18.24,0.175,0.00,50.14,11.06
11-02,2022,Fall 2022,15:00,18.95,0.175,0.00,47.19,11.85
11-02,2022,Fall 2022,16:00,19.71,0.175,0.00,41.36,12.46
11-02,2022,Fall 2022,17:00,19.59,0.175,0.00,41.21,12.69
11-02,2022,Fall 2022,18:00,18.91,0.175,0.00,43.74,12.69
11-02,2022,Fall 2022,19:00,16.00,0.174,0.00,53.41,12.52
11-02,2022,Fall 2022,20:00,11.58,0.174,0.00,71.41,12.21
11-02,2022,Fall 2022,21:00,9.46,0.173,0.00,81.80,11.83
11-02,2022,Fall 2022,22:00,8.68,0.173,0.00,85.50,11.47
11-02,2022,Fall 2022,23:00,9.58,0.173,0.00,83.40,11.15
11-02,2022,Fall 2022,24:00,7.96,0.173,0.00,94.30,10.85
11-03,2022,Fall 2022,01:00,6.71,0.172,0.00,99.70,10.58
11-03,2022,Fall 2022,02:00,6.76,0.172,0.00,99.90,10.33
11-03,2022,Fall 2022,03:00,6.61,0.172,0.00,100.00,10.11
11-03,2022,Fall 2022,04:00,6.01,0.172,0.00,100.00,9.91
11-03,2022,Fall 2022,05:00,6.90,0.172,0.00,100.00,9.72
11-03,2022,Fall 2022,06:00,6.71,0.172,0.00,100.00,9.55
11-03,2022,Fall 2022,07:00,7.63,0.172,0.00,100.00,9.39
11-03,2022,Fall 2022,08:00,8.23,0.172,0.00,100.00,9.26
11-03,2022,Fall 2022,09:00,8.70,0.172,0.00,100.00,9.18
11-03,2022,Fall 2022,10:00,10.39,0.172,0.00,99.40,9.18
11-03,2022,Fall 2022,11:00,13.41,0.173,0.00,87.40,9.37
11-03,2022,Fall 2022,12:00,15.86,0.173,0.00,73.57,9.82
11-03,2022,Fall 2022,13:00,18.03,0.173,0.00,63.09,10.51
11-03,2022,Fall 2022,14:00,19.83,0.173,0.00,54.49,11.32
11-03,2022,Fall 2022,15:00,21.10,0.173,0.00,47.38,12.13
11-03,2022,Fall 2022,16:00,21.07,0.173,0.00,46.10,12.72
11-03,2022,Fall 2022,17:00,21.06,0.173,0.00,45.05,12.94
11-03,2022,Fall 2022,18:00,20.17,0.172,0.00,46.95,12.93
11-03,2022,Fall 2022,19:00,18.16,0.172,0.00,57.55,12.78
11-03,2022,Fall 2022,20:00,16.30,0.172,0.00,68.46,12.57
11-03,2022,Fall 2022,21:00,15.62,0.172,0.00,70.98,12.34
11-03,2022,Fall 2022,22:00,15.18,0.171,0.00,72.09,12.13
11-03,2022,Fall 2022,23:00,14.94,0.171,0.00,70.95,11.95
11-03,2022,Fall 2022,24:00,14.34,0.171,0.00,71.73,11.80
11-04,2022,Fall 2022,01:00,13.84,0.171,0.00,73.44,11.65
11-04,2022,Fall 2022,02:00,13.01,0.171,0.00,76.77,11.50
11-04,2022,Fall 2022,03:00,12.24,0.171,0.00,80.20,11.36
11-04,2022,Fall 2022,04:00,10.38,0.170,0.00,89.20,11.19
11-04,2022,Fall 2022,05:00,9.21,0.170,0.00,96.00,10.99
11-04,2022,Fall 2022,06:00,11.29,0.170,0.00,86.20,10.77
11-04,2022,Fall 2022,07:00,13.05,0.170,0.00,78.11,10.64
11-04,2022,Fall 2022,08:00,13.20,0.170,0.00,76.95,10.59
11-04,2022,Fall 2022,09:00,14.25,0.170,0.00,72.54,10.59
11-04,2022,Fall 2022,10:00,16.29,0.170,0.00,64.45,10.67
11-04,2022,Fall 2022,11:00,18.53,0.171,0.00,58.65,10.94
11-04,2022,Fall 2022,12:00,19.11,0.170,0.00,57.43,11.35
11-04,2022,Fall 2022,13:00,19.88,0.170,0.00,55.68,11.76
11-04,2022,Fall 2022,14:00,20.99,0.170,0.00,53.84,12.20
11-04,2022,Fall 2022,15:00,21.16,0.170,0.00,54.36,12.65
11-04,2022,Fall 2022,16:00,20.70,0.170,0.00,57.64,12.84
11-04,2022,Fall 2022,17:00,20.89,0.170,0.00,57.56,12.93
11-04,2022,Fall 2022,18:00,21.41,0.170,0.00,55.74,13.03
11-04,2022,Fall 2022,19:00,20.87,0.169,0.00,57.51,13.09
11-04,2022,Fall 2022,20:00,20.12,0.169,0.00,60.74,13.08
11-04,2022,Fall 2022,21:00,19.83,0.169,0.00,61.62,13.05
11-04,2022,Fall 2022,22:00,19.52,0.169,0.00,62.54,13.02
11-04,2022,Fall 2022,23:00,19.38,0.169,0.00,62.18,12.99
11-04,2022,Fall 2022,24:00,19.29,0.169,0.00,61.34,12.96
11-05,2022,Fall 2022,01:00,19.09,0.169,0.00,60.74,12.93
11-05,2022,Fall 2022,02:00,18.87,0.169,0.00,60.20,12.89
11-05,2022,Fall 2022,03:00,18.82,0.169,0.00,58.96,12.85
11-05,2022,Fall 2022,04:00,18.98,0.168,0.00,57.10,12.81
11-05,2022,Fall 2022,05:00,18.65,0.168,0.00,57.72,12.77
11-05,2022,Fall 2022,06:00,18.47,0.168,0.00,57.88,12.72
11-05,2022,Fall 2022,07:00,18.00,0.168,0.00,58.14,12.69
11-05,2022,Fall 2022,08:00,17.36,0.168,0.00,58.53,12.68
11-05,2022,Fall 2022,09:00,17.77,0.168,0.00,56.01,12.64
11-05,2022,Fall 2022,10:00,17.95,0.168,0.00,56.98,12.61
11-05,2022,Fall 2022,11:00,16.90,0.168,0.25,67.63,12.65
11-05,2022,Fall 2022,12:00,16.06,0.169,0.25,78.25,12.71
11-05,2022,Fall 2022,13:00,16.46,0.169,0.00,79.52,12.77
11-05,2022,Fall 2022,14:00,17.67,0.169,0.00,73.58,12.91
11-05,2022,Fall 2022,15:00,19.12,0.169,0.00,67.04,13.07
11-05,2022,Fall 2022,16:00,20.01,0.169,0.00,62.50,13.25
11-05,2022,Fall 2022,17:00,20.50,0.169,0.00,60.03,13.40
11-05,2022,Fall 2022,18:00,19.81,0.169,0.00,61.88,13.49
11-05,2022,Fall 2022,19:00,18.98,0.168,0.00,57.21,13.49
11-05,2022,Fall 2022,20:00,18.81,0.168,0.00,50.71,13.38
11-05,2022,Fall 2022,21:00,17.21,0.168,0.00,51.74,13.22
11-05,2022,Fall 2022,22:00,14.34,0.167,0.00,62.14,13.02
11-05,2022,Fall 2022,23:00,12.49,0.167,0.00,68.46,12.76
11-05,2022,Fall 2022,24:00,11.01,0.167,0.00,68.70,12.49
11-06,2022,Fall 2022,01:00,9.65,0.166,0.00,73.64,12.20
11-06,2022,Fall 2022,02:00,8.79,0.166,0.00,74.73,11.91
11-06,2022,Fall 2022,03:00,7.04,0.165,0.00,76.78,11.35
11-06,2022,Fall 2022,04:00,6.45,0.165,0.00,79.81,11.08
11-06,2022,Fall 2022,05:00,5.99,0.165,0.00,81.60,10.82
11-06,2022,Fall 2022,06:00,5.89,0.165,0.00,81.20,10.58
11-06,2022,Fall 2022,07:00,5.94,0.165,0.00,80.20,10.37
11-06,2022,Fall 2022,08:00,6.12,0.165,0.00,79.37,10.19
11-06,2022,Fall 2022,09:00,7.38,0.165,0.00,75.68,10.07
11-06,2022,Fall 2022,10:00,9.21,0.165,0.00,72.37,10.07
11-06,2022,Fall 2022,11:00,12.15,0.165,0.00,58.31,10.24
11-06,2022,Fall 2022,12:00,14.02,0.165,0.00,45.42,10.66
11-06,2022,Fall 2022,13:00,14.85,0.165,0.00,39.33,11.06
11-06,2022,Fall 2022,14:00,16.42,0.165,0.00,35.07,11.35
11-06,2022,Fall 2022,15:00,17.54,0.164,0.00,31.63,11.69
05-15,2023,Spring 2023,12:00,16.49,0.184,0.00,37.27,12.35
05-15,2023,Spring 2023,13:00,17.69,0.184,0.00,32.92,13.27
05-15,2023,Spring 2023,14:00,18.81,0.183,0.00,31.05,14.28
05-15,2023,Spring 2023,15:00,19.76,0.182,0.00,27.73,15.29
05-15,2023,Spring 2023,16:00,20.90,0.182,0.00,25.74,15.90
05-15,2023,Spring 2023,17:00,21.65,0.181,0.00,24.61,15.83
05-15,2023,Spring 2023,18:00,22.15,0.181,0.00,24.59,15.81
05-15,2023,Spring 2023,19:00,22.19,0.180,0.00,23.87,15.94
05-15,2023,Spring 2023,20:00,21.33,0.179,0.00,22.42,15.88
05-15,2023,Spring 2023,21:00,18.83,0.179,0.00,30.77,15.61
05-15,2023,Spring 2023,22:00,13.54,0.178,0.00,51.37,15.19
05-15,2023,Spring 2023,23:00,15.29,0.178,0.00,39.35,14.69
05-15,2023,Spring 2023,24:00,14.12,0.178,0.00,41.11,14.26
05-16,2023,Spring 2023,01:00,8.94,0.178,0.00,65.76,13.84
05-16,2023,Spring 2023,02:00,6.76,0.177,0.00,78.83,13.39
05-16,2023,Spring 2023,03:00,5.51,0.177,0.00,88.40,12.93
05-16,2023,Spring 2023,04:00,4.93,0.177,0.00,90.40,12.52
05-16,2023,Spring 2023,05:00,3.81,0.176,0.00,96.80,12.13
05-16,2023,Spring 2023,06:00,4.29,0.176,0.00,88.10,11.77
05-16,2023,Spring 2023,07:00,5.65,0.176,0.00,71.05,11.47
05-16,2023,Spring 2023,08:00,7.47,0.176,0.00,66.74,11.26
05-16,2023,Spring 2023,09:00,11.24,0.177,0.00,46.89,11.24
05-16,2023,Spring 2023,10:00,14.85,0.177,0.00,43.00,11.41
05-16,2023,Spring 2023,11:00,17.44,0.177,0.00,41.97,11.76
05-16,2023,Spring 2023,12:00,19.80,0.177,0.00,39.53,12.26
05-16,2023,Spring 2023,13:00,21.84,0.176,0.00,34.89,12.91
05-16,2023,Spring 2023,14:00,23.48,0.176,0.00,29.83,13.65
05-16,2023,Spring 2023,15:00,24.43,0.175,0.00,27.63,14.46
05-16,2023,Spring 2023,16:00,24.60,0.174,0.00,28.48,15.04
05-16,2023,Spring 2023,17:00,24.32,0.173,0.00,29.99,15.16
05-16,2023,Spring 2023,18:00,23.23,0.172,0.00,33.11,15.18
05-16,2023,Spring 2023,19:00,21.81,0.172,0.00,38.69,15.17
05-16,2023,Spring 2023,20:00,20.60,0.172,0.00,42.68,15.06
05-16,2023,Spring 2023,21:00,17.67,0.171,0.00,50.63,14.87
05-16,2023,Spring 2023,22:00,15.07,0.171,0.00,57.20,14.59
05-16,2023,Spring 2023,23:00,13.43,0.171,0.00,62.16,14.24
05-16,2023,Spring 2023,24:00,11.53,0.171,0.00,71.54,13.88
05-17,2023,Spring 2023,01:00,10.29,0.170,0.00,66.22,13.52
05-17,2023,Spring 2023,02:00,8.68,0.170,0.00,69.03,13.15
05-17,2023,Spring 2023,03:00,7.07,0.170,0.00,76.60,12.80
05-17,2023,Spring 2023,04:00,5.39,0.169,0.00,87.40,12.45
05-17,2023,Spring 2023,05:00,5.18,0.169,0.00,85.60,12.08
05-17,2023,Spring 2023,06:00,4.47,0.169,0.00,88.20,11.72
05-17,2023,Spring 2023,07:00,4.33,0.168,0.00,87.20,11.39
05-17,2023,Spring 2023,08:00,5.80,0.169,0.00,77.80,11.12
05-17,2023,Spring 2023,09:00,7.09,0.169,0.00,69.60,11.01
05-17,2023,Spring 2023,10:00,8.46,0.169,0.00,60.80,11.12
05-17,2023,Spring 2023,11:00,9.37,0.169,0.00,56.66,11.46
05-17,2023,Spring 2023,12:00,10.34,0.169,0.00,55.08,11.98
05-17,2023,Spring 2023,13:00,11.26,0.169,0.00,51.82,12.69
05-17,2023,Spring 2023,14:00,12.00,0.168,0.00,48.66,13.50
05-17,2023,Spring 2023,15:00,13.03,0.168,0.00,43.25,14.34
05-17,2023,Spring 2023,16:00,13.62,0.167,0.00,35.08,14.83
05-17,2023,Spring 2023,17:00,14.13,0.167,0.00,34.43,14.70
05-17,2023,Spring 2023,18:00,14.00,0.166,0.00,32.26,14.60
05-17,2023,Spring 2023,19:00,13.45,0.165,0.00,33.28,14.56
05-17,2023,Spring 2023,20:00,12.61,0.165,0.00,33.94,14.35
05-17,2023,Spring 2023,21:00,10.86,0.164,0.00,39.49,14.00
05-17,2023,Spring 2023,22:00,8.49,0.164,0.00,50.99,13.57
05-17,2023,Spring 2023,23:00,5.18,0.163,0.00,70.81,13.11
05-17,2023,Spring 2023,24:00,5.52,0.163,0.00,69.78,12.64
05-18,2023,Spring 2023,01:00,5.11,0.163,0.00,73.84,12.21
05-18,2023,Spring 2023,02:00,3.82,0.163,0.00,83.20,11.83
05-18,2023,Spring 2023,03:00,3.32,0.163,0.00,84.60,11.47
05-18,2023,Spring 2023,04:00,2.42,0.162,0.00,95.80,11.14
05-18,2023,Spring 2023,05:00,2.66,0.162,0.00,89.90,10.84
05-18,2023,Spring 2023,06:00,3.34,0.162,0.00,79.80,10.58
05-18,2023,Spring 2023,07:00,2.40,0.162,0.00,88.10,10.37
05-18,2023,Spring 2023,08:00,4.09,0.162,0.00,83.10,10.19
05-18,2023,Spring 2023,09:00,6.28,0.163,0.00,69.46,10.17
05-18,2023,Spring 2023,10:00,9.06,0.163,0.00,58.44,10.34
05-18,2023,Spring 2023,11:00,11.40,0.163,0.00,48.00,10.75
05-18,2023,Spring 2023,12:00,13.49,0.163,0.00,35.23,11.38
05-18,2023,Spring 2023,13:00,15.26,0.163,0.00,27.21,12.16
05-18,2023,Spring 2023,14:00,16.52,0.162,0.00,25.48,13.01
05-18,2023,Spring 2023,15:00,17.56,0.162,0.00,27.46,13.90
05-18,2023,Spring 2023,16:00,18.46,0.161,0.00,26.74,14.45
05-18,2023,Spring 2023,17:00,18.92,0.161,0.00,27.18,14.50
05-18,2023,Spring 2023,18:00,19.28,0.160,0.00,29.62,14.53
05-18,2023,Spring 2023,19:00,19.15,0.160,0.00,30.58,14.59
05-18,2023,Spring 2023,20:00,18.26,0.160,0.00,30.86,14.51
05-18,2023,Spring 2023,21:00,16.59,0.159,0.00,32.33,14.26
05-18,2023,Spring 2023,22:00,14.30,0.159,0.00,35.17,13.92
05-18,2023,Spring 2023,23:00,12.41,0.159,0.00,37.86,13.53
05-18,2023,Spring 2023,24:00,10.70,0.158,0.00,42.39,13.14
05-19,2023,Spring 2023,01:00,9.54,0.158,0.00,46.80,12.75
05-19,2023,Spring 2023,02:00,8.78,0.158,0.00,53.17,12.39
05-19,2023,Spring 2023,03:00,8.22,0.158,0.00,63.93,12.08
05-19,2023,Spring 2023,04:00,8.19,0.158,0.00,71.92,11.82
05-19,2023,Spring 2023,05:00,8.45,0.158,0.00,71.67,11.61
05-19,2023,Spring 2023,06:00,9.28,0.158,0.00,68.57,11.44
05-19,2023,Spring 2023,07:00,10.49,0.158,0.00,64.24,11.30
05-19,2023,Spring 2023,08:00,12.63,0.158,0.00,58.32,11.23
05-19,2023,Spring 2023,09:00,14.87,0.158,0.00,53.34,11.29
05-19,2023,Spring 2023,10:00,17.78,0.158,0.00,47.31,11.49
05-19,2023,Spring 2023,11:00,19.80,0.158,0.00,47.32,11.89
05-19,2023,Spring 2023,12:00,20.75,0.158,0.00,49.59,12.49
05-19,2023,Spring 2023,13:00,22.05,0.158,0.00,50.95,13.17
05-19,2023,Spring 2023,14:00,22.00,0.157,0.00,52.08,13.81
05-19,2023,Spring 2023,15:00,22.13,0.157,0.00,53.25,14.13
05-19,2023,Spring 2023,16:00,21.61,0.156,0.00,56.73,14.28
05-19,2023,Spring 2023,17:00,19.22,0.156,0.76,78.30,14.30
05-19,2023,Spring 2023,18:00,16.39,0.157,2.79,100.00,14.25
05-19,2023,Spring 2023,19:00,16.02,0.168,4.32,100.00,14.18
05-19,2023,Spring 2023,20:00,15.96,0.168,0.00,100.00,14.12
05-19,2023,Spring 2023,21:00,15.54,0.168,0.00,100.00,14.07
05-19,2023,Spring 2023,22:00,15.14,0.168,0.25,100.00,13.98
05-19,2023,Spring 2023,23:00,14.57,0.168,0.00,93.50,13.85
05-19,2023,Spring 2023,24:00,13.61,0.167,0.00,87.30,13.71
05-20,2023,Spring 2023,01:00,12.71,0.167,0.00,80.60,13.52
05-20,2023,Spring 2023,02:00,11.55,0.167,0.00,82.70,13.29
05-20,2023,Spring 2023,03:00,10.78,0.166,0.00,83.00,13.05
05-20,2023,Spring 2023,04:00,9.27,0.166,0.00,92.20,12.82
05-20,2023,Spring 2023,05:00,6.97,0.166,0.00,100.00,12.55
05-20,2023,Spring 2023,06:00,7.61,0.166,0.00,100.00,12.23
05-20,2023,Spring 2023,07:00,7.74,0.166,0.00,100.00,11.96
05-20,2023,Spring 2023,08:00,8.02,0.166,0.00,100.00,11.77
05-20,2023,Spring 2023,09:00,8.28,0.166,0.00,97.80,11.68
05-20,2023,Spring 2023,10:00,9.33,0.167,0.00,90.70,11.69
05-20,2023,Spring 2023,11:00,9.66,0.166,0.00,91.30,11.78
05-20,2023,Spring 2023,12:00,10.61,0.167,0.00,85.80,11.85
05-20,2023,Spring 2023,13:00,10.78,0.167,0.00,86.50,11.99
05-20,2023,Spring 2023,14:00,12.27,0.167,0.00,78.86,12.19
05-20,2023,Spring 2023,15:00,13.63,0.167,0.00,71.21,12.50
05-20,2023,Spring 2023,16:00,14.06,0.166,0.00,68.09,12.88
05-20,2023,Spring 2023,17:00,14.84,0.166,0.00,63.12,13.08
05-20,2023,Spring 2023,18:00,15.52,0.166,0.00,61.47,13.28
05-20,2023,Spring 2023,19:00,16.29,0.166,0.00,57.26,13.47
05-20,2023,Spring 2023,20:00,16.88,0.166,0.00,49.62,13.54
05-20,2023,Spring 2023,21:00,15.24,0.165,0.00,55.57,13.46
05-20,2023,Spring 2023,22:00,11.44,0.165,0.00,77.50,13.22
05-20,2023,Spring 2023,23:00,11.38,0.165,0.00,76.87,12.85
05-20,2023,Spring 2023,24:00,11.54,0.165,0.00,75.28,12.53
05-21,2023,Spring 2023,01:00,10.64,0.165,0.00,78.48,12.29
05-21,2023,Spring 2023,02:00,9.58,0.165,0.00,83.80,12.08
05-21,2023,Spring 2023,03:00,9.04,0.165,0.00,85.00,11.88
05-21,2023,Spring 2023,04:00,8.27,0.164,0.00,88.90,11.68
05-21,2023,Spring 2023,05:00,6.91,0.164,0.00,98.50,11.45
05-21,2023,Spring 2023,06:00,5.46,0.164,0.00,100.00,11.21
05-21,2023,Spring 2023,07:00,6.06,0.164,0.00,99.00,10.95
05-21,2023,Spring 2023,08:00,9.38,0.164,0.00,83.00,10.79
05-21,2023,Spring 2023,09:00,11.68,0.164,0.00,73.14,10.81
05-21,2023,Spring 2023,10:00,14.33,0.165,0.00,64.65,11.05
05-21,2023,Spring 2023,11:00,17.03,0.165,0.00,57.40,11.55
05-21,2023,Spring 2023,12:00,19.38,0.165,0.00,45.94,12.29
05-21,2023,Spring 2023,13:00,20.65,0.165,0.00,37.70,13.12
05-21,2023,Spring 2023,14:00,21.89,0.164,0.00,32.17,13.96
05-21,2023,Spring 2023,15:00,22.51,0.164,0.00,31.14,14.75
05-21,2023,Spring 2023,16:00,23.02,0.163,0.00,32.03,15.25
05-21,2023,Spring 2023,17:00,23.63,0.163,0.00,29.57,15.38
05-21,2023,Spring 2023,18:00,23.12,0.162,0.00,31.87,15.44
05-21,2023,Spring 2023,19:00,23.16,0.162,0.00,32.00,15.46
05-21,2023,Spring 2023,20:00,22.64,0.162,0.00,33.63,15.44
05-21,2023,Spring 2023,21:00,19.29,0.162,0.00,50.36,15.31
05-21,2023,Spring 2023,22:00,15.49,0.161,0.00,66.83,15.00
05-21,2023,Spring 2023,23:00,13.59,0.161,0.00,75.98,14.59
05-21,2023,Spring 2023,24:00,11.83,0.161,0.00,85.60,14.18
05-22,2023,Spring 2023,01:00,10.63,0.161,0.00,98.50,13.79
05-22,2023,Spring 2023,02:00,9.61,0.160,0.00,100.00,13.43
05-22,2023,Spring 2023,03:00,8.74,0.160,0.00,100.00,13.09
05-22,2023,Spring 2023,04:00,8.01,0.160,0.00,100.00,12.78
05-22,2023,Spring 2023,05:00,7.38,0.160,0.00,100.00,12.48
05-22,2023,Spring 2023,06:00,7.15,0.160,0.00,100.00,12.21
05-22,2023,Spring 2023,07:00,7.12,0.160,0.00,100.00,11.95
05-22,2023,Spring 2023,08:00,8.57,0.160,0.00,100.00,11.75
05-22,2023,Spring 2023,09:00,11.83,0.160,0.00,96.20,11.74
05-22,2023,Spring 2023,10:00,14.97,0.160,0.00,76.55,11.96
05-22,2023,Spring 2023,11:00,18.04,0.161,0.00,57.93,12.41
05-22,2023,Spring 2023,12:00,20.66,0.161,0.00,47.08,13.06
05-22,2023,Spring 2023,13:00,22.26,0.160,0.00,40.63,13.84
05-22,2023,Spring 2023,14:00,23.11,0.160,0.00,37.26,14.65
05-22,2023,Spring 2023,15:00,23.81,0.160,0.00,33.64,15.35
05-22,2023,Spring 2023,16:00,23.65,0.159,0.00,34.85,15.85
05-22,2023,Spring 2023,17:00,23.71,0.159,0.00,33.39,15.99
05-22,2023,Spring 2023,18:00,23.69,0.159,0.00,33.90,15.99
05-22,2023,Spring 2023,19:00,23.65,0.159,0.00,33.94,15.98
05-22,2023,Spring 2023,20:00,22.79,0.158,0.00,36.87,15.93
05-22,2023,Spring 2023,21:00,20.79,0.158,0.00,42.25,15.75
05-22,2023,Spring 2023,22:00,18.15,0.158,0.00,49.08,15.44
05-22,2023,Spring 2023,23:00,15.91,0.158,0.00,57.92,15.05
05-22,2023,Spring 2023,24:00,14.07,0.157,0.00,65.03,14.64
05-23,2023,Spring 2023,01:00,13.47,0.157,0.00,67.54,14.26
05-23,2023,Spring 2023,02:00,12.99,0.157,0.00,71.80,13.92
05-23,2023,Spring 2023,03:00,10.41,0.157,0.00,92.00,13.61
05-23,2023,Spring 2023,04:00,10.27,0.157,0.00,96.20,13.30
05-23,2023,Spring 2023,05:00,10.69,0.157,0.00,89.90,13.00
05-23,2023,Spring 2023,06:00,9.49,0.156,0.00,100.00,12.74
05-23,2023,Spring 2023,07:00,9.51,0.156,0.00,100.00,12.48
05-23,2023,Spring 2023,08:00,10.62,0.156,0.00,97.70,12.29
05-23,2023,Spring 2023,09:00,12.77,0.157,0.00,82.80,12.27
05-23,2023,Spring 2023,10:00,15.15,0.157,0.00,72.13,12.46
05-23,2023,Spring 2023,11:00,17.82,0.157,0.00,65.02,12.87
05-23,2023,Spring 2023,12:00,20.14,0.157,0.00,58.06,13.47
05-23,2023,Spring 2023,13:00,22.00,0.157,0.00,51.68,14.24
05-23,2023,Spring 2023,14:00,23.44,0.157,0.00,39.92,15.07
05-23,2023,Spring 2023,15:00,24.41,0.156,0.00,34.42,15.85
05-23,2023,Spring 2023,16:00,24.86,0.155,0.00,35.32,16.40
05-23,2023,Spring 2023,17:00,25.12,0.155,0.00,33.31,16.56
05-23,2023,Spring 2023,18:00,25.50,0.155,0.00,32.46,16.68
05-23,2023,Spring 2023,19:00,25.24,0.154,0.00,32.67,16.78
05-23,2023,Spring 2023,20:00,24.48,0.154,0.00,37.88,16.76
05-23,2023,Spring 2023,21:00,20.86,0.154,0.00,59.16,16.58
05-23,2023,Spring 2023,22:00,17.41,0.154,0.00,68.47,16.25
05-23,2023,Spring 2023,23:00,14.84,0.153,0.00,80.70,15.83
05-23,2023,Spring 2023,24:00,13.56,0.153,0.00,91.00,15.41
05-24,2023,Spring 2023,01:00,12.15,0.153,0.00,99.20,15.03
05-24,2023,Spring 2023,02:00,11.69,0.153,0.00,100.00,14.67
05-24,2023,Spring 2023,03:00,11.05,0.153,0.00,100.00,14.36
05-24,2023,Spring 2023,04:00,10.42,0.153,0.00,100.00,14.07
05-24,2023,Spring 2023,05:00,10.05,0.152,0.00,100.00,13.80
05-24,2023,Spring 2023,06:00,9.75,0.152,0.00,100.00,13.54
05-24,2023,Spring 2023,07:00,9.93,0.152,0.00,100.00,13.31
05-24,2023,Spring 2023,08:00,13.01,0.152,0.00,90.90,13.14
05-24,2023,Spring 2023,09:00,16.10,0.152,0.00,68.26,13.15
05-24,2023,Spring 2023,10:00,16.06,0.152,0.00,70.73,13.34
05-24,2023,Spring 2023,11:00,14.48,0.152,0.00,81.00,13.69
05-24,2023,Spring 2023,12:00,14.91,0.152,0.00,76.12,13.94
05-24,2023,Spring 2023,13:00,15.56,0.152,0.00,69.00,14.33
05-24,2023,Spring 2023,14:00,16.08,0.151,0.00,61.88,15.00
05-24,2023,Spring 2023,15:00,16.37,0.151,0.00,55.82,15.74
05-24,2023,Spring 2023,16:00,16.45,0.150,0.00,47.37,16.15
05-24,2023,Spring 2023,17:00,16.47,0.150,0.00,38.50,15.99
05-24,2023,Spring 2023,18:00,15.53,0.149,0.00,33.84,15.85
05-24,2023,Spring 2023,19:00,14.20,0.148,0.00,36.98,15.71
05-24,2023,Spring 2023,20:00,13.47,0.148,0.00,36.79,15.39
05-24,2023,Spring 2023,21:00,11.80,0.147,0.00,39.31,15.02
05-24,2023,Spring 2023,22:00,9.92,0.147,0.00,49.23,14.59
05-24,2023,Spring 2023,23:00,8.25,0.147,0.00,53.70,14.13
05-24,2023,Spring 2023,24:00,6.95,0.146,0.00,54.99,13.68
05-25,2023,Spring 2023,01:00,6.04,0.146,0.00,56.73,13.26
05-25,2023,Spring 2023,02:00,5.53,0.146,0.00,56.50,12.87
05-25,2023,Spring 2023,03:00,4.96,0.146,0.00,59.63,12.52
05-25,2023,Spring 2023,04:00,4.63,0.146,0.00,62.50,12.20
05-25,2023,Spring 2023,05:00,4.54,0.145,0.00,64.58,11.92
05-25,2023,Spring 2023,06:00,4.29,0.145,0.00,67.60,11.67
05-25,2023,Spring 2023,07:00,3.99,0.145,0.00,71.70,11.46
05-25,2023,Spring 2023,08:00,4.66,0.145,0.00,72.44,11.29
05-25,2023,Spring 2023,09:00,6.29,0.145,0.00,68.16,11.28
05-25,2023,Spring 2023,10:00,8.50,0.146,0.00,57.71,11.45
05-25,2023,Spring 2023,11:00,10.25,0.146,0.00,51.82,11.88
05-25,2023,Spring 2023,12:00,12.09,0.145,0.00,46.70,12.57
05-25,2023,Spring 2023,13:00,13.65,0.145,0.00,43.51,13.42
05-25,2023,Spring 2023,14:00,14.90,0.145,0.00,40.18,14.38
05-25,2023,Spring 2023,15:00,16.18,0.144,0.00,36.06,15.33
05-25,2023,Spring 2023,16:00,17.10,0.144,0.00,32.99,15.93
05-25,2023,Spring 2023,17:00,17.70,0.143,0.00,29.91,15.85
05-25,2023,Spring 2023,18:00,17.86,0.143,0.00,27.03,15.75
05-25,2023,Spring 2023,19:00,17.47,0.142,0.00,30.80,15.75
05-25,2023,Spring 2023,20:00,16.22,0.142,0.00,36.07,15.63
05-25,2023,Spring 2023,21:00,13.85,0.141,0.00,38.47,15.31
05-25,2023,Spring 2023,22:00,11.51,0.141,0.00,42.19,14.86
05-25,2023,Spring 2023,23:00,9.76,0.140,0.00,45.86,14.38
05-25,2023,Spring 2023,24:00,8.02,0.140,0.00,51.54,13.90
05-26,2023,Spring 2023,01:00,5.86,0.140,0.00,61.50,13.41
05-26,2023,Spring 2023,02:00,4.10,0.139,0.00,69.87,12.92
05-26,2023,Spring 2023,03:00,2.60,0.139,0.00,81.50,12.46
05-26,2023,Spring 2023,04:00,1.68,0.139,0.00,92.00,12.04
05-26,2023,Spring 2023,05:00,1.33,0.139,0.00,93.00,11.65
05-26,2023,Spring 2023,06:00,0.94,0.138,0.00,97.90,11.30
05-26,2023,Spring 2023,07:00,1.50,0.138,0.00,94.10,10.99
05-26,2023,Spring 2023,08:00,5.23,0.138,0.00,66.27,10.76
05-26,2023,Spring 2023,09:00,8.98,0.139,0.00,51.51,10.73
05-26,2023,Spring 2023,10:00,12.00,0.139,0.00,48.24,10.98
05-26,2023,Spring 2023,11:00,15.22,0.139,0.00,39.17,11.50
05-26,2023,Spring 2023,12:00,17.28,0.139,0.00,33.20,12.36
05-26,2023,Spring 2023,13:00,18.49,0.139,0.00,29.49,13.40
05-26,2023,Spring 2023,14:00,19.79,0.138,0.00,27.97,14.49