Date,Year,Study,Time,Temp,Soil moisture,Precipitation,RH%,Soil temp
08-05,2022,Summer 2022,12:00,24.09,0.137,0.00,95.50,22.61
08-05,2022,Summer 2022,13:00,24.73,0.137,0.00,90.70,22.91
08-05,2022,Summer 2022,14:00,25.54,0.137,0.00,85.80,23.20
08-05,2022,Summer 2022,15:00,27.08,0.136,0.00,77.92,23.87
08-05,2022,Summer 2022,16:00,27.76,0.136,0.00,74.25,24.65
08-05,2022,Summer 2022,17:00,28.14,0.136,0.00,72.95,24.83
08-05,2022,Summer 2022,18:00,28.54,0.136,0.00,71.11,24.90
08-05,2022,Summer 2022,19:00,28.72,0.135,0.00,68.64,24.97
08-05,2022,Summer 2022,20:00,28.64,0.135,0.00,69.93,24.95
08-05,2022,Summer 2022,21:00,26.98,0.135,0.00,82.90,24.77
08-05,2022,Summer 2022,22:00,24.65,0.135,0.00,96.40,24.49
08-05,2022,Summer 2022,23:00,23.25,0.135,0.00,100.00,24.13
08-05,2022,Summer 2022,24:00,23.23,0.135,0.00,100.00,23.79
08-06,2022,Summer 2022,01:00,22.82,0.134,0.00,100.00,23.50
08-06,2022,Summer 2022,02:00,22.90,0.134,0.00,100.00,23.25
08-06,2022,Summer 2022,03:00,22.58,0.134,0.00,100.00,23.04
08-06,2022,Summer 2022,04:00,21.78,0.134,0.00,100.00,22.85
08-06,2022,Summer 2022,05:00,21.27,0.134,0.00,100.00,22.63
08-06,2022,Summer 2022,06:00,20.53,0.134,0.00,100.00,22.41
08-06,2022,Summer 2022,07:00,20.72,0.134,0.00,100.00,22.19
08-06,2022,Summer 2022,08:00,21.64,0.134,0.00,100.00,22.03
08-06,2022,Summer 2022,09:00,23.87,0.134,0.00,99.80,22.08
08-06,2022,Summer 2022,10:00,25.54,0.134,0.00,93.10,22.41
08-06,2022,Summer 2022,11:00,27.23,0.134,0.00,82.90,23.00
08-06,2022,Summer 2022,12:00,28.08,0.134,0.00,78.37,23.83
08-06,2022,Summer 2022,13:00,29.07,0.133,0.00,71.63,24.72
08-06,2022,Summer 2022,14:00,29.75,0.133,0.00,67.01,25.53
08-06,2022,Summer 2022,15:00,30.09,0.132,0.00,64.45,26.30
08-06,2022,Summer 2022,16:00,30.68,0.132,0.00,62.71,26.74
08-06,2022,Summer 2022,17:00,30.66,0.131,0.00,60.27,26.58
08-06,2022,Summer 2022,18:00,30.59,0.131,0.00,58.79,26.32
08-06,2022,Summer 2022,19:00,30.19,0.130,0.00,61.12,26.28
08-06,2022,Summer 2022,20:00,29.47,0.130,0.00,65.80,26.16
08-06,2022,Summer 2022,21:00,27.83,0.130,0.00,74.53,25.83
08-06,2022,Summer 2022,22:00,25.71,0.130,0.00,87.50,25.41
08-06,2022,Summer 2022,23:00,24.93,0.129,0.00,92.10,24.99
08-06,2022,Summer 2022,24:00,24.10,0.129,0.00,97.20,24.62
08-07,2022,Summer 2022,01:00,24.43,0.129,0.00,93.70,24.30
08-07,2022,Summer 2022,02:00,24.00,0.129,0.00,96.00,24.03
08-07,2022,Summer 2022,03:00,23.33,0.129,0.00,99.80,23.79
08-07,2022,Summer 2022,04:00,23.15,0.129,0.00,100.00,23.55
08-07,2022,Summer 2022,05:00,23.06,0.129,0.00,100.00,23.35
08-07,2022,Summer 2022,06:00,23.20,0.129,0.00,100.00,23.17
08-07,2022,Summer 2022,07:00,23.27,0.129,0.00,100.00,23.04
08-07,2022,Summer 2022,08:00,23.63,0.129,0.00,100.00,22.94
08-07,2022,Summer 2022,09:00,24.56,0.129,0.00,99.80,22.96
08-07,2022,Summer 2022,10:00,26.10,0.129,0.00,93.20,23.09
08-07,2022,Summer 2022,11:00,26.88,0.129,0.00,88.60,23.45
08-07,2022,Summer 2022,12:00,28.41,0.128,0.00,79.51,24.04
08-07,2022,Summer 2022,13:00,29.17,0.128,0.00,75.65,25.00
08-07,2022,Summer 2022,14:00,29.41,0.128,0.00,76.13,25.83
08-07,2022,Summer 2022,15:00,27.43,0.129,7.11,83.40,26.24
08-07,2022,Summer 2022,16:00,23.34,0.137,0.76,100.00,25.97
08-07,2022,Summer 2022,17:00,23.66,0.137,0.00,99.70,25.48
08-07,2022,Summer 2022,18:00,24.06,0.137,0.00,98.00,25.21
08-07,2022,Summer 2022,19:00,25.22,0.137,0.00,91.80,25.13
08-07,2022,Summer 2022,20:00,25.11,0.137,0.00,91.90,25.07
08-07,2022,Summer 2022,21:00,24.59,0.137,0.00,97.70,24.89
08-07,2022,Summer 2022,22:00,24.07,0.137,0.00,100.00,24.66
08-07,2022,Summer 2022,23:00,24.13,0.137,0.00,100.00,24.44
08-07,2022,Summer 2022,24:00,23.95,0.137,0.25,100.00,24.25
08-08,2022,Summer 2022,01:00,23.41,0.139,0.51,100.00,24.09
08-08,2022,Summer 2022,02:00,23.25,0.139,0.00,100.00,23.94
08-08,2022,Summer 2022,03:00,23.14,0.139,0.00,100.00,23.79
08-08,2022,Summer 2022,04:00,22.80,0.139,0.00,100.00,23.64
08-08,2022,Summer 2022,05:00,22.42,0.139,0.00,100.00,23.50
08-08,2022,Summer 2022,06:00,22.03,0.139,0.00,100.00,23.35
08-08,2022,Summer 2022,07:00,21.89,0.140,0.76,100.00,23.20
08-08,2022,Summer 2022,08:00,22.13,0.141,0.25,100.00,23.06
08-08,2022,Summer 2022,09:00,22.71,0.141,0.00,100.00,22.98
08-08,2022,Summer 2022,10:00,24.31,0.141,0.00,100.00,23.06
08-08,2022,Summer 2022,11:00,25.65,0.141,0.00,98.40,23.30
08-08,2022,Summer 2022,12:00,27.26,0.141,0.00,88.70,23.71
08-08,2022,Summer 2022,13:00,27.14,0.141,0.00,85.90,24.11
08-08,2022,Summer 2022,14:00,27.74,0.140,0.00,71.40,24.39
08-08,2022,Summer 2022,15:00,28.09,0.140,0.00,67.94,24.82
08-08,2022,Summer 2022,16:00,28.01,0.139,0.00,71.95,25.11
08-08,2022,Summer 2022,17:00,26.87,0.139,0.00,78.00,25.07
08-08,2022,Summer 2022,18:00,25.22,0.139,0.00,85.80,24.94
08-08,2022,Summer 2022,19:00,24.63,0.138,0.00,89.00,24.69
08-08,2022,Summer 2022,20:00,24.21,0.138,0.00,91.00,24.42
08-08,2022,Summer 2022,21:00,23.93,0.138,0.00,83.30,24.20
08-08,2022,Summer 2022,22:00,21.62,0.138,0.00,83.40,23.91
08-08,2022,Summer 2022,23:00,20.51,0.137,0.00,84.60,23.50
08-08,2022,Summer 2022,24:00,19.83,0.137,0.00,84.50,23.12
08-09,2022,Summer 2022,01:00,18.97,0.137,0.00,90.00,22.77
08-09,2022,Summer 2022,02:00,17.45,0.137,0.00,99.60,22.46
08-09,2022,Summer 2022,03:00,17.22,0.137,0.00,100.00,22.19
08-09,2022,Summer 2022,04:00,17.54,0.136,0.00,95.80,21.95
08-09,2022,Summer 2022,05:00,17.37,0.136,0.00,91.40,21.73
08-09,2022,Summer 2022,06:00,16.15,0.136,0.00,98.20,21.45
08-09,2022,Summer 2022,07:00,15.06,0.136,0.00,99.80,21.15
08-09,2022,Summer 2022,08:00,15.93,0.136,0.00,96.50,20.84
08-09,2022,Summer 2022,09:00,16.80,0.136,0.00,90.40,20.71
08-09,2022,Summer 2022,10:00,17.92,0.136,0.00,83.50,20.82
08-09,2022,Summer 2022,11:00,18.62,0.135,0.00,78.15,21.13
08-09,2022,Summer 2022,12:00,19.95,0.135,0.00,69.52,21.63
08-09,2022,Summer 2022,13:00,20.88,0.135,0.00,65.40,22.46
08-09,2022,Summer 2022,14:00,21.99,0.135,0.00,61.79,23.42
08-09,2022,Summer 2022,15:00,22.44,0.134,0.00,59.39,24.24
08-09,2022,Summer 2022,16:00,22.98,0.133,0.00,58.08,24.72
08-09,2022,Summer 2022,17:00,23.05,0.133,0.00,59.44,24.57
08-09,2022,Summer 2022,18:00,23.20,0.133,0.00,59.37,24.36
08-09,2022,Summer 2022,19:00,23.09,0.132,0.00,59.03,24.32
08-09,2022,Summer 2022,20:00,22.62,0.132,0.00,61.31,24.18
08-09,2022,Summer 2022,21:00,21.18,0.132,0.00,71.98,23.81
08-09,2022,Summer 2022,22:00,18.41,0.131,0.00,91.10,23.30
08-09,2022,Summer 2022,23:00,16.60,0.131,0.00,100.00,22.73
08-09,2022,Summer 2022,24:00,15.49,0.131,0.00,100.00,22.18
08-10,2022,Summer 2022,01:00,14.75,0.130,0.00,100.00,21.66
08-10,2022,Summer 2022,02:00,14.15,0.130,0.00,100.00,21.20
08-10,2022,Summer 2022,03:00,13.73,0.130,0.00,100.00,20.78
08-10,2022,Summer 2022,04:00,13.18,0.130,0.00,100.00,20.39
08-10,2022,Summer 2022,05:00,12.72,0.129,0.00,100.00,20.03
08-10,2022,Summer 2022,06:00,12.58,0.129,0.00,100.00,19.69
08-10,2022,Summer 2022,07:00,12.33,0.129,0.00,100.00,19.39
08-10,2022,Summer 2022,08:00,14.05,0.129,0.00,100.00,19.14
08-10,2022,Summer 2022,09:00,17.74,0.129,0.00,95.50,19.14
08-10,2022,Summer 2022,10:00,20.15,0.129,0.00,83.10,19.49
08-10,2022,Summer 2022,11:00,21.78,0.129,0.00,73.80,20.09
08-10,2022,Summer 2022,12:00,23.02,0.129,0.00,63.77,20.95
08-10,2022,Summer 2022,13:00,23.54,0.129,0.00,61.23,21.76
08-10,2022,Summer 2022,14:00,24.63,0.129,0.00,57.05,22.51
08-10,2022,Summer 2022,15:00,25.35,0.128,0.00,55.15,23.44
08-10,2022,Summer 2022,16:00,26.00,0.128,0.00,51.94,24.05
08-10,2022,Summer 2022,17:00,26.20,0.127,0.00,53.72,23.90
08-10,2022,Summer 2022,18:00,26.52,0.127,0.00,55.73,23.70
08-10,2022,Summer 2022,19:00,26.47,0.127,0.00,56.35,23.80
08-10,2022,Summer 2022,20:00,25.87,0.127,0.00,58.40,23.76
08-10,2022,Summer 2022,21:00,24.14,0.126,0.00,64.10,23.44
08-10,2022,Summer 2022,22:00,21.84,0.126,0.00,75.11,23.02
08-10,2022,Summer 2022,23:00,20.43,0.126,0.00,83.00,22.58
08-10,2022,Summer 2022,24:00,19.69,0.126,0.00,85.90,22.17
08-11,2022,Summer 2022,01:00,19.08,0.126,0.00,89.90,21.82
08-11,2022,Summer 2022,02:00,19.68,0.125,0.00,83.90,21.56
08-11,2022,Summer 2022,03:00,20.27,0.125,0.00,83.10,21.34
08-11,2022,Summer 2022,04:00,20.53,0.125,0.00,83.60,21.18
08-11,2022,Summer 2022,05:00,20.49,0.125,0.00,76.15,21.07
08-11,2022,Summer 2022,06:00,19.81,0.125,0.00,60.94,20.94
08-11,2022,Summer 2022,07:00,18.82,0.125,0.00,60.71,20.73
08-11,2022,Summer 2022,08:00,18.48,0.125,0.00,63.12,20.51
08-11,2022,Summer 2022,09:00,19.06,0.125,0.00,61.68,20.40
08-11,2022,Summer 2022,10:00,20.25,0.125,0.00,55.58,20.49
08-11,2022,Summer 2022,11:00,21.13,0.124,0.00,51.98,20.80
08-11,2022,Summer 2022,12:00,22.08,0.124,0.00,49.93,21.38
08-11,2022,Summer 2022,13:00,22.77,0.124,0.00,47.43,22.27
08-11,2022,Summer 2022,14:00,23.25,0.124,0.00,47.42,23.24
08-11,2022,Summer 2022,15:00,23.44,0.123,0.00,47.45,24.06
08-11,2022,Summer 2022,16:00,23.41,0.123,0.00,47.65,24.45
08-05,2021,Summer 2022,12:00,25.59,0.142,0.00,56.46,21.83
08-05,2021,Summer 2022,13:00,26.43,0.142,0.00,52.14,23.13
08-05,2021,Summer 2022,14:00,26.61,0.141,0.00,50.61,24.12
08-05,2021,Summer 2022,15:00,27.27,0.141,0.00,48.30,24.71
08-05,2021,Summer 2022,16:00,27.91,0.141,0.00,45.77,25.22
08-05,2021,Summer 2022,17:00,27.85,0.140,0.00,47.52,25.18
08-05,2021,Summer 2022,18:00,27.58,0.139,0.00,48.03,24.98
08-05,2021,Summer 2022,19:00,27.15,0.139,0.00,49.30,24.77
08-05,2021,Summer 2022,20:00,26.56,0.139,0.00,52.69,24.47
08-05,2021,Summer 2022,21:00,24.67,0.139,0.00,61.22,24.13
08-05,2021,Summer 2022,22:00,20.61,0.138,0.00,85.10,23.69
08-05,2021,Summer 2022,23:00,21.14,0.138,0.00,83.60,23.21
08-05,2021,Summer 2022,24:00,20.82,0.138,0.00,82.00,22.85
08-06,2021,Summer 2022,01:00,18.05,0.138,0.00,97.70,22.46
08-06,2021,Summer 2022,02:00,17.02,0.138,0.00,99.10,22.00
08-06,2021,Summer 2022,03:00,16.21,0.138,0.00,99.30,21.56
08-06,2021,Summer 2022,04:00,15.61,0.137,0.00,99.70,21.15
08-06,2021,Summer 2022,05:00,15.15,0.137,0.00,99.70,20.78
08-06,2021,Summer 2022,06:00,15.61,0.137,0.00,96.20,20.45
08-06,2021,Summer 2022,07:00,15.52,0.137,0.00,97.10,20.19
08-06,2021,Summer 2022,08:00,17.23,0.137,0.00,89.40,20.00
08-06,2021,Summer 2022,09:00,19.62,0.137,0.00,77.70,20.02
08-06,2021,Summer 2022,10:00,20.68,0.137,0.00,73.21,20.22
08-06,2021,Summer 2022,11:00,22.37,0.137,0.00,67.71,20.49
08-06,2021,Summer 2022,12:00,23.65,0.137,0.00,62.40,20.93
08-06,2021,Summer 2022,13:00,24.64,0.137,0.00,58.89,21.48
08-06,2021,Summer 2022,14:00,25.49,0.137,0.00,59.73,22.02
08-06,2021,Summer 2022,15:00,26.57,0.136,0.00,55.59,22.69
08-06,2021,Summer 2022,16:00,26.99,0.136,0.00,54.33,23.44
08-06,2021,Summer 2022,17:00,26.82,0.135,0.00,57.16,23.73
08-06,2021,Summer 2022,18:00,23.87,0.135,0.51,71.66,23.68
08-06,2021,Summer 2022,19:00,20.87,0.137,1.02,95.00,23.33
08-06,2021,Summer 2022,20:00,20.61,0.137,0.00,88.60,22.93
08-06,2021,Summer 2022,21:00,19.84,0.137,0.00,91.70,22.61
08-06,2021,Summer 2022,22:00,19.55,0.137,0.00,95.70,22.25
08-06,2021,Summer 2022,23:00,19.64,0.137,0.25,96.10,21.91
08-06,2021,Summer 2022,24:00,19.13,0.137,0.25,94.80,21.62
08-07,2021,Summer 2022,01:00,18.52,0.137,0.00,98.00,21.35
08-07,2021,Summer 2022,02:00,18.22,0.137,0.00,99.40,21.10
08-07,2021,Summer 2022,03:00,18.40,0.137,0.00,99.30,20.88
08-07,2021,Summer 2022,04:00,18.62,0.137,0.00,99.80,20.71
08-07,2021,Summer 2022,05:00,18.47,0.137,0.00,100.00,20.58
08-07,2021,Summer 2022,06:00,18.30,0.137,0.00,99.60,20.43
08-07,2021,Summer 2022,07:00,18.73,0.137,0.00,99.00,20.30
08-07,2021,Summer 2022,08:00,18.88,0.137,0.00,99.50,20.23
08-07,2021,Summer 2022,09:00,19.69,0.137,0.00,97.30,20.27
08-07,2021,Summer 2022,10:00,20.18,0.137,0.00,94.30,20.42
08-07,2021,Summer 2022,11:00,21.14,0.137,0.00,90.60,20.58
08-07,2021,Summer 2022,12:00,23.16,0.137,0.00,80.60,20.98
08-07,2021,Summer 2022,13:00,24.64,0.137,0.00,74.00,21.69
08-07,2021,Summer 2022,14:00,26.03,0.137,0.00,67.33,22.40
08-07,2021,Summer 2022,15:00,26.47,0.136,0.00,65.42,23.08
08-07,2021,Summer 2022,16:00,27.56,0.136,0.00,61.97,23.53
08-07,2021,Summer 2022,17:00,27.80,0.136,0.00,60.99,23.73
08-07,2021,Summer 2022,18:00,27.23,0.135,0.00,64.27,23.75
08-07,2021,Summer 2022,19:00,27.44,0.135,0.00,63.97,23.74
08-07,2021,Summer 2022,20:00,27.04,0.135,0.00,65.32,23.63
08-07,2021,Summer 2022,21:00,24.25,0.134,0.00,82.70,23.41
08-07,2021,Summer 2022,22:00,21.62,0.134,0.00,96.50,23.07
08-07,2021,Summer 2022,23:00,20.74,0.134,0.00,98.80,22.67
08-07,2021,Summer 2022,24:00,21.26,0.134,0.00,94.80,22.32
08-08,2021,Summer 2022,01:00,21.72,0.134,0.00,92.10,22.08
08-08,2021,Summer 2022,02:00,21.20,0.134,0.00,95.20,21.91
08-08,2021,Summer 2022,03:00,21.18,0.134,0.00,95.20,21.74
08-08,2021,Summer 2022,04:00,21.84,0.134,0.00,93.40,21.61
08-08,2021,Summer 2022,05:00,22.14,0.134,0.25,93.30,21.52
08-08,2021,Summer 2022,06:00,22.36,0.134,0.00,93.50,21.47
08-08,2021,Summer 2022,07:00,22.44,0.134,0.00,94.00,21.42
08-08,2021,Summer 2022,08:00,22.68,0.134,0.00,92.80,21.39
08-08,2021,Summer 2022,09:00,22.73,0.134,0.00,92.70,21.41
08-08,2021,Summer 2022,10:00,23.14,0.134,0.00,90.90,21.47
08-08,2021,Summer 2022,11:00,24.42,0.134,0.00,85.30,21.68
08-08,2021,Summer 2022,12:00,25.78,0.134,0.00,79.62,22.11
08-08,2021,Summer 2022,13:00,26.60,0.134,0.00,76.38,22.67
08-08,2021,Summer 2022,14:00,28.04,0.134,0.00,71.23,23.31
08-08,2021,Summer 2022,15:00,28.96,0.133,0.00,65.35,23.92
08-08,2021,Summer 2022,16:00,29.47,0.133,0.00,63.64,24.47
08-08,2021,Summer 2022,17:00,29.27,0.132,0.00,62.91,24.70
08-08,2021,Summer 2022,18:00,29.08,0.132,0.00,62.55,24.69
08-08,2021,Summer 2022,19:00,28.71,0.131,0.00,63.74,24.59
08-08,2021,Summer 2022,20:00,27.83,0.131,0.00,67.17,24.44
08-08,2021,Summer 2022,21:00,26.52,0.131,0.00,70.43,24.20
08-08,2021,Summer 2022,22:00,25.25,0.131,0.00,74.75,23.88
08-08,2021,Summer 2022,23:00,24.34,0.131,0.00,78.05,23.55
08-08,2021,Summer 2022,24:00,23.85,0.131,0.00,81.90,23.23
08-09,2021,Summer 2022,01:00,23.62,0.131,0.00,82.30,22.96
08-09,2021,Summer 2022,02:00,23.15,0.130,0.00,83.10,22.73
08-09,2021,Summer 2022,03:00,22.34,0.130,0.00,86.50,22.51
08-09,2021,Summer 2022,04:00,21.63,0.130,0.00,89.70,22.30
08-09,2021,Summer 2022,05:00,20.74,0.130,0.00,94.20,22.08
08-09,2021,Summer 2022,06:00,20.25,0.130,0.00,96.50,21.86
08-09,2021,Summer 2022,07:00,20.28,0.130,0.00,95.80,21.65
08-09,2021,Summer 2022,08:00,21.25,0.130,0.00,90.90,21.50
08-09,2021,Summer 2022,09:00,23.18,0.130,0.00,82.60,21.52
08-09,2021,Summer 2022,10:00,24.81,0.130,0.00,78.17,21.81
08-09,2021,Summer 2022,11:00,26.19,0.130,0.00,76.03,22.39
08-09,2021,Summer 2022,12:00,27.25,0.129,0.00,72.57,23.12
08-09,2021,Summer 2022,13:00,27.82,0.129,0.00,71.01,23.81
08-09,2021,Summer 2022,14:00,28.66,0.129,0.00,64.13,24.36
08-09,2021,Summer 2022,15:00,28.82,0.128,0.00,61.17,24.85
08-09,2021,Summer 2022,16:00,28.77,0.128,0.00,62.15,25.31
08-09,2021,Summer 2022,17:00,28.08,0.127,0.00,65.34,25.44
08-09,2021,Summer 2022,18:00,27.40,0.127,0.00,68.98,25.33
08-09,2021,Summer 2022,19:00,26.89,0.127,0.00,69.53,25.16
08-09,2021,Summer 2022,20:00,26.21,0.127,0.00,72.67,24.92
08-09,2021,Summer 2022,21:00,25.50,0.126,0.00,73.18,24.63
08-09,2021,Summer 2022,22:00,24.42,0.126,0.00,79.32,24.31
08-09,2021,Summer 2022,23:00,23.97,0.126,0.00,83.40,24.00
08-09,2021,Summer 2022,24:00,23.80,0.126,0.00,86.40,23.75
08-10,2021,Summer 2022,01:00,23.96,0.126,0.00,83.40,23.54
08-10,2021,Summer 2022,02:00,23.88,0.126,0.00,82.80,23.36
08-10,2021,Summer 2022,03:00,23.18,0.127,1.78,90.40,23.21
08-10,2021,Summer 2022,04:00,22.25,0.128,0.25,99.20,23.04
08-10,2021,Summer 2022,05:00,22.38,0.128,0.00,98.90,22.86
08-10,2021,Summer 2022,06:00,22.44,0.128,0.00,98.40,22.72
08-10,2021,Summer 2022,07:00,22.13,0.128,0.00,98.90,22.59
08-10,2021,Summer 2022,08:00,22.14,0.128,0.00,98.40,22.49
08-10,2021,Summer 2022,09:00,22.76,0.128,0.00,94.60,22.45
08-10,2021,Summer 2022,10:00,22.88,0.128,0.00,88.40,22.51
08-10,2021,Summer 2022,11:00,23.73,0.128,0.00,82.50,22.65
08-10,2021,Summer 2022,12:00,24.59,0.128,0.00,79.08,22.95
08-10,2021,Summer 2022,13:00,25.91,0.128,0.00,74.47,23.34
08-10,2021,Summer 2022,14:00,27.35,0.127,0.00,69.10,23.91
08-10,2021,Summer 2022,15:00,28.42,0.127,0.00,64.81,24.52
08-10,2021,Summer 2022,16:00,29.17,0.126,0.00,62.07,25.01
08-10,2021,Summer 2022,17:00,29.83,0.126,0.00,61.49,25.11
08-10,2021,Summer 2022,18:00,29.88,0.125,0.00,64.63,25.08
08-10,2021,Summer 2022,19:00,29.76,0.125,0.00,69.72,25.08
08-10,2021,Summer 2022,20:00,29.42,0.125,0.00,74.94,25.04
08-10,2021,Summer 2022,21:00,28.46,0.125,0.00,82.70,24.93
08-10,2021,Summer 2022,22:00,26.46,0.125,0.00,94.60,24.75
08-10,2021,Summer 2022,23:00,27.45,0.125,0.00,89.90,24.52
08-10,2021,Summer 2022,24:00,27.73,0.124,0.00,84.30,24.39
08-11,2021,Summer 2022,01:00,23.34,0.124,0.00,79.36,24.25
08-11,2021,Summer 2022,02:00,22.27,0.124,0.00,87.50,23.92
08-11,2021,Summer 2022,03:00,21.60,0.124,0.00,94.10,23.60
08-11,2021,Summer 2022,04:00,21.03,0.124,0.00,98.10,23.33
08-11,2021,Summer 2022,05:00,20.34,0.124,0.00,99.80,23.08
08-11,2021,Summer 2022,06:00,20.23,0.124,0.00,99.30,22.81
08-11,2021,Summer 2022,07:00,20.24,0.124,0.00,98.60,22.57
08-11,2021,Summer 2022,08:00,20.69,0.124,0.00,97.30,22.36
08-11,2021,Summer 2022,09:00,22.21,0.124,0.00,91.60,22.28
08-11,2021,Summer 2022,10:00,23.77,0.123,0.00,87.70,22.37
08-11,2021,Summer 2022,11:00,25.89,0.123,0.00,77.73,22.72
08-11,2021,Summer 2022,12:00,27.46,0.123,0.00,72.54,23.37
08-11,2021,Summer 2022,13:00,28.56,0.123,0.00,67.98,24.05
08-11,2021,Summer 2022,14:00,28.65,0.123,1.78,76.73,24.68
08-11,2021,Summer 2022,15:00,26.18,0.127,5.59,91.00,24.96
08-11,2021,Summer 2022,16:00,22.96,0.133,0.00,94.90,24.74
08-05,2020,Summer 2022,12:00,20.09,0.180,0.00,56.25,19.65
08-05,2020,Summer 2022,13:00,21.00,0.180,0.00,54.43,21.14
08-05,2020,Summer 2022,14:00,21.63,0.180,0.00,50.71,22.31
08-05,2020,Summer 2022,15:00,21.88,0.180,0.00,49.49,22.92
08-05,2020,Summer 2022,16:00,22.48,0.179,0.00,49.46,23.08
08-05,2020,Summer 2022,17:00,22.54,0.179,0.00,48.29,22.99
08-05,2020,Summer 2022,18:00,22.51,0.178,0.00,49.34,22.73
08-05,2020,Summer 2022,19:00,21.89,0.178,0.00,52.47,22.67
08-05,2020,Summer 2022,20:00,21.09,0.178,0.00,54.81,22.44
08-05,2020,Summer 2022,21:00,20.44,0.177,0.00,57.55,22.01
08-05,2020,Summer 2022,22:00,17.08,0.176,0.00,78.27,21.49
08-05,2020,Summer 2022,23:00,14.84,0.175,0.00,92.90,20.86
08-05,2020,Summer 2022,24:00,13.95,0.175,0.00,96.30,20.24
08-06,2020,Summer 2022,01:00,12.99,0.174,0.00,98.00,19.65
08-06,2020,Summer 2022,02:00,12.41,0.173,0.00,99.00,19.08
08-06,2020,Summer 2022,03:00,11.69,0.173,0.00,99.30,18.55
08-06,2020,Summer 2022,04:00,11.17,0.172,0.00,99.50,18.04
08-06,2020,Summer 2022,05:00,10.67,0.172,0.00,99.60,17.57
08-06,2020,Summer 2022,06:00,10.30,0.171,0.00,99.60,17.15
08-06,2020,Summer 2022,07:00,10.23,0.171,0.00,99.70,16.76
08-06,2020,Summer 2022,08:00,12.29,0.171,0.00,99.50,16.48
08-06,2020,Summer 2022,09:00,15.90,0.172,0.00,89.20,16.64
08-06,2020,Summer 2022,10:00,19.18,0.173,0.00,68.83,17.44
08-06,2020,Summer 2022,11:00,21.16,0.173,0.00,54.73,18.70
08-06,2020,Summer 2022,12:00,22.19,0.174,0.00,50.33,20.30
08-06,2020,Summer 2022,13:00,22.03,0.175,0.00,49.10,21.94
08-06,2020,Summer 2022,14:00,23.08,0.175,0.00,45.38,23.10
08-06,2020,Summer 2022,15:00,23.45,0.176,0.00,44.50,24.66
08-06,2020,Summer 2022,16:00,23.29,0.176,0.00,43.72,25.56
08-06,2020,Summer 2022,17:00,23.94,0.176,0.00,40.42,25.30
08-06,2020,Summer 2022,18:00,23.94,0.176,0.00,41.16,24.80
08-06,2020,Summer 2022,19:00,24.27,0.176,0.00,39.71,25.05
08-06,2020,Summer 2022,20:00,23.23,0.175,0.00,45.45,25.27
08-06,2020,Summer 2022,21:00,20.18,0.175,0.00,65.92,24.80
08-06,2020,Summer 2022,22:00,16.25,0.174,0.00,81.50,23.89
08-06,2020,Summer 2022,23:00,14.48,0.173,0.00,89.50,22.88
08-06,2020,Summer 2022,24:00,13.37,0.172,0.00,94.40,21.94
08-07,2020,Summer 2022,01:00,12.55,0.171,0.00,97.20,21.11
08-07,2020,Summer 2022,02:00,11.82,0.170,0.00,98.40,20.37
08-07,2020,Summer 2022,03:00,11.24,0.170,0.00,98.90,19.70
08-07,2020,Summer 2022,04:00,10.74,0.169,0.00,99.20,19.10
08-07,2020,Summer 2022,05:00,10.28,0.168,0.00,99.40,18.57
08-07,2020,Summer 2022,06:00,9.93,0.168,0.00,99.50,18.07
08-07,2020,Summer 2022,07:00,9.72,0.167,0.00,99.50,17.60
08-07,2020,Summer 2022,08:00,11.43,0.168,0.00,99.20,17.22
08-07,2020,Summer 2022,09:00,15.89,0.168,0.00,87.30,17.23
08-07,2020,Summer 2022,10:00,20.03,0.169,0.00,67.46,17.97
08-07,2020,Summer 2022,11:00,22.49,0.170,0.00,51.66,19.35
08-07,2020,Summer 2022,12:00,23.67,0.171,0.00,46.38,21.17
08-07,2020,Summer 2022,13:00,24.44,0.172,0.00,43.98,23.17
08-07,2020,Summer 2022,14:00,25.17,0.173,0.00,43.35,25.17
08-07,2020,Summer 2022,15:00,25.61,0.174,0.00,40.63,26.93
08-07,2020,Summer 2022,16:00,25.59,0.174,0.00,40.08,28.18
08-07,2020,Summer 2022,17:00,25.92,0.175,0.00,39.26,27.82
08-07,2020,Summer 2022,18:00,25.44,0.174,0.00,41.67,27.11
08-07,2020,Summer 2022,19:00,25.27,0.174,0.00,43.03,26.76
08-07,2020,Summer 2022,20:00,25.40,0.174,0.00,42.05,26.47
08-07,2020,Summer 2022,21:00,21.97,0.173,0.00,60.70,25.92
08-07,2020,Summer 2022,22:00,17.45,0.172,0.00,81.30,25.04
08-07,2020,Summer 2022,23:00,15.48,0.171,0.00,91.30,24.08
08-07,2020,Summer 2022,24:00,14.38,0.170,0.00,95.70,23.17
08-08,2020,Summer 2022,01:00,13.60,0.169,0.00,97.90,22.37
08-08,2020,Summer 2022,02:00,12.96,0.169,0.00,98.70,21.65
08-08,2020,Summer 2022,03:00,12.48,0.168,0.00,99.10,21.01
08-08,2020,Summer 2022,04:00,12.18,0.168,0.00,99.40,20.42
08-08,2020,Summer 2022,05:00,12.17,0.167,0.00,99.50,19.91
08-08,2020,Summer 2022,06:00,11.57,0.166,0.00,99.50,19.45
08-08,2020,Summer 2022,07:00,11.22,0.166,0.00,99.60,19.00
08-08,2020,Summer 2022,08:00,12.98,0.166,0.00,98.80,18.64
08-08,2020,Summer 2022,09:00,17.38,0.166,0.00,82.80,18.64
08-08,2020,Summer 2022,10:00,21.46,0.167,0.00,63.82,19.31
08-08,2020,Summer 2022,11:00,23.88,0.168,0.00,56.39,20.64
08-08,2020,Summer 2022,12:00,25.05,0.169,0.00,50.28,22.42
08-08,2020,Summer 2022,13:00,25.66,0.170,0.00,46.29,24.35
08-08,2020,Summer 2022,14:00,26.17,0.171,0.00,44.96,26.26
08-08,2020,Summer 2022,15:00,26.54,0.172,0.00,45.82,27.94
08-08,2020,Summer 2022,16:00,26.90,0.172,0.00,45.78,29.11
08-08,2020,Summer 2022,17:00,27.31,0.172,0.00,45.74,28.73
08-08,2020,Summer 2022,18:00,27.16,0.172,0.00,47.23,27.99
08-08,2020,Summer 2022,19:00,26.80,0.172,0.00,48.08,27.90
08-08,2020,Summer 2022,20:00,26.14,0.172,0.00,50.87,27.74
08-08,2020,Summer 2022,21:00,24.71,0.171,0.00,57.38,27.15
08-08,2020,Summer 2022,22:00,21.81,0.171,0.00,72.16,26.39
08-08,2020,Summer 2022,23:00,20.08,0.170,0.00,81.40,25.61
08-08,2020,Summer 2022,24:00,20.18,0.169,0.00,80.70,24.89
08-09,2020,Summer 2022,01:00,20.33,0.169,0.00,78.60,24.28
08-09,2020,Summer 2022,02:00,21.79,0.168,0.00,69.64,23.76
08-09,2020,Summer 2022,03:00,21.50,0.168,0.00,71.82,23.35
08-09,2020,Summer 2022,04:00,20.70,0.167,0.00,76.45,23.00
08-09,2020,Summer 2022,05:00,20.44,0.167,0.00,78.91,22.67
08-09,2020,Summer 2022,06:00,20.01,0.167,0.00,82.70,22.38
08-09,2020,Summer 2022,07:00,19.76,0.167,0.00,85.20,22.11
08-09,2020,Summer 2022,08:00,20.10,0.166,0.00,85.30,21.87
08-09,2020,Summer 2022,09:00,21.87,0.166,0.00,80.40,21.85
08-09,2020,Summer 2022,10:00,23.79,0.167,0.00,77.33,22.35
08-09,2020,Summer 2022,11:00,25.94,0.167,0.00,74.59,23.46
08-09,2020,Summer 2022,12:00,27.00,0.168,0.00,72.06,24.81
08-09,2020,Summer 2022,13:00,28.31,0.169,0.00,65.70,26.48
08-09,2020,Summer 2022,14:00,29.13,0.170,0.00,61.75,28.39
08-09,2020,Summer 2022,15:00,29.80,0.170,0.00,59.59,29.98
08-09,2020,Summer 2022,16:00,30.12,0.171,0.00,59.03,30.86
08-09,2020,Summer 2022,17:00,30.39,0.171,0.00,57.72,30.65
08-09,2020,Summer 2022,18:00,30.22,0.171,0.00,57.21,30.13
08-09,2020,Summer 2022,19:00,29.84,0.171,0.00,56.73,30.11
08-09,2020,Summer 2022,20:00,29.20,0.171,0.00,58.46,29.92
08-09,2020,Summer 2022,21:00,27.13,0.170,0.00,68.05,29.33
08-09,2020,Summer 2022,22:00,24.17,0.170,0.00,83.20,28.55
08-09,2020,Summer 2022,23:00,22.84,0.169,0.00,90.80,27.75
08-09,2020,Summer 2022,24:00,24.83,0.168,0.00,80.00,27.07
08-10,2020,Summer 2022,01:00,25.42,0.168,0.00,75.50,26.57
08-10,2020,Summer 2022,02:00,24.43,0.167,0.00,79.88,26.13
08-10,2020,Summer 2022,03:00,23.99,0.167,0.00,81.50,25.71
08-10,2020,Summer 2022,04:00,23.72,0.167,0.00,82.70,25.32
08-10,2020,Summer 2022,05:00,23.83,0.166,0.00,81.90,25.01
08-10,2020,Summer 2022,06:00,23.53,0.166,0.00,83.30,24.74
08-10,2020,Summer 2022,07:00,22.89,0.166,0.00,87.10,24.48
08-10,2020,Summer 2022,08:00,22.78,0.165,0.00,87.40,24.26
08-10,2020,Summer 2022,09:00,22.36,0.165,0.00,94.20,24.09
08-10,2020,Summer 2022,10:00,23.94,0.165,0.00,88.00,24.11
08-10,2020,Summer 2022,11:00,25.47,0.165,0.00,78.73,24.83
08-10,2020,Summer 2022,12:00,26.57,0.166,0.00,73.28,26.19
08-10,2020,Summer 2022,13:00,27.91,0.167,0.00,67.96,27.82
08-10,2020,Summer 2022,14:00,29.10,0.168,0.00,65.27,29.58
08-10,2020,Summer 2022,15:00,29.63,0.169,0.00,65.05,31.12
08-10,2020,Summer 2022,16:00,30.53,0.169,0.00,60.64,31.94
08-10,2020,Summer 2022,17:00,30.92,0.170,0.00,58.40,31.85
08-10,2020,Summer 2022,18:00,30.90,0.170,0.00,58.69,31.46
08-10,2020,Summer 2022,19:00,29.90,0.170,0.00,63.12,31.25
08-10,2020,Summer 2022,20:00,28.59,0.169,0.00,69.59,30.71
08-10,2020,Summer 2022,21:00,27.54,0.169,0.00,72.12,29.98
08-10,2020,Summer 2022,22:00,21.55,0.174,3.30,92.10,29.13
08-10,2020,Summer 2022,23:00,20.74,0.172,0.00,96.80,27.97
08-10,2020,Summer 2022,24:00,20.55,0.172,0.00,98.00,27.01
08-11,2020,Summer 2022,01:00,20.55,0.171,0.00,97.00,26.25
08-11,2020,Summer 2022,02:00,20.65,0.170,0.00,96.70,25.65
08-11,2020,Summer 2022,03:00,20.43,0.170,0.00,97.50,25.13
08-11,2020,Summer 2022,04:00,20.72,0.170,0.00,96.80,24.64
08-11,2020,Summer 2022,05:00,21.18,0.169,0.00,95.70,24.28
08-11,2020,Summer 2022,06:00,21.39,0.169,0.00,96.50,24.02
08-11,2020,Summer 2022,07:00,21.39,0.169,0.00,97.10,23.85
08-11,2020,Summer 2022,08:00,21.47,0.169,0.00,95.10,23.69
08-11,2020,Summer 2022,09:00,21.81,0.169,0.00,86.20,23.61
08-11,2020,Summer 2022,10:00,22.31,0.169,0.00,68.20,23.76
08-11,2020,Summer 2022,11:00,23.06,0.169,0.00,61.60,24.03
08-11,2020,Summer 2022,12:00,24.41,0.169,0.00,56.12,25.01
08-11,2020,Summer 2022,13:00,25.28,0.169,0.00,46.70,26.24
08-11,2020,Summer 2022,14:00,25.93,0.169,0.00,40.01,27.57
08-11,2020,Summer 2022,15:00,26.54,0.170,0.00,37.38,29.02
08-11,2020,Summer 2022,16:00,26.95,0.170,0.00,36.64,30.11
08-05,2019,Summer 2022,12:00,26.00,0.102,0.00,51.98,24.72
08-05,2019,Summer 2022,13:00,27.03,0.102,0.00,45.17,26.33
08-05,2019,Summer 2022,14:00,28.13,0.102,0.00,43.35,28.11
08-05,2019,Summer 2022,15:00,28.58,0.102,0.00,42.71,29.80
08-05,2019,Summer 2022,16:00,29.25,0.103,0.00,43.83,30.91
08-05,2019,Summer 2022,17:00,29.59,0.103,0.00,45.62,30.57
08-05,2019,Summer 2022,18:00,29.36,0.103,0.00,48.50,30.01
08-05,2019,Summer 2022,19:00,28.74,0.103,0.00,51.02,29.87
08-05,2019,Summer 2022,20:00,27.62,0.103,0.00,59.06,29.53
08-05,2019,Summer 2022,21:00,26.50,0.103,0.00,64.92,29.00
08-05,2019,Summer 2022,22:00,23.50,0.102,0.00,78.26,28.35
08-05,2019,Summer 2022,23:00,22.24,0.102,0.00,84.00,27.65
08-05,2019,Summer 2022,24:00,22.70,0.102,0.00,81.80,27.02
08-06,2019,Summer 2022,01:00,22.61,0.102,0.00,82.20,26.52
08-06,2019,Summer 2022,02:00,22.76,0.102,0.00,80.30,26.07
08-06,2019,Summer 2022,03:00,23.25,0.102,0.00,76.18,25.68
08-06,2019,Summer 2022,04:00,21.34,0.101,0.00,81.10,25.36
08-06,2019,Summer 2022,05:00,21.33,0.101,0.00,82.50,25.04
08-06,2019,Summer 2022,06:00,21.82,0.101,0.00,82.30,24.75
08-06,2019,Summer 2022,07:00,21.44,0.101,0.00,83.90,24.49
08-06,2019,Summer 2022,08:00,21.62,0.101,0.00,80.60,24.29
08-06,2019,Summer 2022,09:00,21.28,0.101,0.00,83.30,24.16
08-06,2019,Summer 2022,10:00,20.92,0.101,0.51,87.20,24.08
08-06,2019,Summer 2022,11:00,20.43,0.101,0.51,90.90,24.04
08-06,2019,Summer 2022,12:00,20.31,0.101,0.76,87.80,24.03
08-06,2019,Summer 2022,13:00,21.06,0.102,0.00,85.40,24.18
08-06,2019,Summer 2022,14:00,21.96,0.102,0.00,79.04,24.43
08-06,2019,Summer 2022,15:00,23.76,0.102,0.00,70.19,25.09
08-06,2019,Summer 2022,16:00,24.75,0.102,0.00,65.44,26.09
08-06,2019,Summer 2022,17:00,24.97,0.102,0.00,64.71,26.35
08-06,2019,Summer 2022,18:00,25.81,0.102,0.00,62.15,26.23
08-06,2019,Summer 2022,19:00,25.94,0.102,0.00,62.26,26.39
08-06,2019,Summer 2022,20:00,24.76,0.102,0.00,69.06,26.33
08-06,2019,Summer 2022,21:00,22.38,0.102,1.27,83.90,25.93
08-06,2019,Summer 2022,22:00,21.39,0.102,0.00,92.90,25.45
08-06,2019,Summer 2022,23:00,21.23,0.102,0.00,91.00,25.02
08-06,2019,Summer 2022,24:00,20.85,0.102,0.00,92.00,24.64
08-07,2019,Summer 2022,01:00,19.68,0.102,0.00,95.40,24.24
08-07,2019,Summer 2022,02:00,18.76,0.101,0.00,97.20,23.77
08-07,2019,Summer 2022,03:00,18.56,0.101,0.00,97.80,23.32
08-07,2019,Summer 2022,04:00,18.23,0.101,0.00,96.00,22.91
08-07,2019,Summer 2022,05:00,16.98,0.101,0.00,97.10,22.55
08-07,2019,Summer 2022,06:00,16.52,0.101,0.25,98.10,22.17
08-07,2019,Summer 2022,07:00,16.04,0.100,0.00,98.40,21.81
08-07,2019,Summer 2022,08:00,17.28,0.101,0.00,97.70,21.51
08-07,2019,Summer 2022,09:00,19.45,0.101,0.00,90.40,21.43
08-07,2019,Summer 2022,10:00,21.49,0.101,0.00,82.70,21.79
08-07,2019,Summer 2022,11:00,23.55,0.101,0.00,66.51,22.66
08-07,2019,Summer 2022,12:00,24.98,0.101,0.00,57.99,23.88
08-07,2019,Summer 2022,13:00,26.14,0.102,0.00,49.65,25.36
08-07,2019,Summer 2022,14:00,26.98,0.102,0.00,43.48,26.97
08-07,2019,Summer 2022,15:00,27.45,0.102,0.00,43.51,28.49
08-07,2019,Summer 2022,16:00,27.81,0.103,0.00,43.26,29.38
08-07,2019,Summer 2022,17:00,28.07,0.103,0.00,44.37,28.97
08-07,2019,Summer 2022,18:00,28.20,0.103,0.00,46.70,28.48
08-07,2019,Summer 2022,19:00,27.86,0.103,0.00,48.48,28.43
08-07,2019,Summer 2022,20:00,26.94,0.103,0.00,46.65,28.20
08-07,2019,Summer 2022,21:00,24.89,0.102,0.00,51.36,27.60
08-07,2019,Summer 2022,22:00,21.41,0.102,0.00,69.10,26.82
08-07,2019,Summer 2022,23:00,19.13,0.102,0.00,82.00,26.04
08-07,2019,Summer 2022,24:00,18.73,0.101,0.00,84.30,25.35
08-08,2019,Summer 2022,01:00,20.05,0.101,0.00,75.47,24.76
08-08,2019,Summer 2022,02:00,20.16,0.101,0.00,74.58,24.29
08-08,2019,Summer 2022,03:00,21.34,0.101,0.00,67.24,23.93
08-08,2019,Summer 2022,04:00,19.94,0.101,1.78,82.90,23.64
08-08,2019,Summer 2022,05:00,18.30,0.102,0.25,93.20,23.35
08-08,2019,Summer 2022,06:00,17.92,0.102,0.00,92.20,22.99
08-08,2019,Summer 2022,07:00,17.83,0.102,0.00,93.00,22.63
08-08,2019,Summer 2022,08:00,18.05,0.101,0.00,93.70,22.34
08-08,2019,Summer 2022,09:00,18.85,0.101,0.00,93.00,22.21
08-08,2019,Summer 2022,10:00,20.13,0.102,0.00,89.20,22.27
08-08,2019,Summer 2022,11:00,21.88,0.102,0.00,78.87,22.57
08-08,2019,Summer 2022,12:00,23.32,0.102,0.00,68.44,23.27
08-08,2019,Summer 2022,13:00,24.57,0.102,0.00,58.31,24.36
08-08,2019,Summer 2022,14:00,25.45,0.102,0.00,48.68,25.73
08-08,2019,Summer 2022,15:00,25.79,0.102,0.00,45.23,27.13
08-08,2019,Summer 2022,16:00,26.03,0.102,0.00,43.32,27.95
08-08,2019,Summer 2022,17:00,26.04,0.102,0.00,43.75,27.58
08-08,2019,Summer 2022,18:00,25.67,0.102,0.00,45.32,27.03
08-08,2019,Summer 2022,19:00,25.04,0.102,0.00,45.72,26.89
08-08,2019,Summer 2022,20:00,24.13,0.102,0.00,45.81,26.67
08-08,2019,Summer 2022,21:00,22.51,0.102,0.00,50.03,26.12
08-08,2019,Summer 2022,22:00,20.84,0.102,0.00,55.77,25.40
08-08,2019,Summer 2022,23:00,19.67,0.102,0.00,58.84,24.68
08-08,2019,Summer 2022,24:00,17.22,0.101,0.00,71.78,24.00
08-09,2019,Summer 2022,01:00,15.84,0.101,0.00,78.54,23.36
08-09,2019,Summer 2022,02:00,13.28,0.100,0.00,92.90,22.76
08-09,2019,Summer 2022,03:00,12.88,0.100,0.00,94.60,22.20
08-09,2019,Summer 2022,04:00,12.89,0.100,0.00,93.00,21.69
08-09,2019,Summer 2022,05:00,12.53,0.100,0.00,95.00,21.22
08-09,2019,Summer 2022,06:00,12.41,0.100,0.00,96.20,20.81
08-09,2019,Summer 2022,07:00,13.35,0.099,0.00,95.60,20.42
08-09,2019,Summer 2022,08:00,15.06,0.099,0.00,92.00,20.13
08-09,2019,Summer 2022,09:00,17.56,0.100,0.00,83.00,20.09
08-09,2019,Summer 2022,10:00,19.68,0.100,0.00,73.52,20.39
08-09,2019,Summer 2022,11:00,21.70,0.100,0.00,63.68,21.21
08-09,2019,Summer 2022,12:00,23.00,0.100,0.00,49.17,22.55
08-09,2019,Summer 2022,13:00,23.52,0.101,0.00,44.41,23.88
08-09,2019,Summer 2022,14:00,24.09,0.101,0.00,42.79,25.12
08-09,2019,Summer 2022,15:00,24.56,0.101,0.00,41.50,26.44
08-09,2019,Summer 2022,16:00,24.94,0.102,0.00,41.94,27.30
08-09,2019,Summer 2022,17:00,25.03,0.102,0.00,40.33,27.17
08-09,2019,Summer 2022,18:00,25.15,0.102,0.00,40.15,26.76
08-09,2019,Summer 2022,19:00,24.73,0.102,0.00,41.08,26.80
08-09,2019,Summer 2022,20:00,23.83,0.102,0.00,44.33,26.66
08-09,2019,Summer 2022,21:00,22.30,0.101,0.00,49.18,26.13
08-09,2019,Summer 2022,22:00,20.79,0.101,0.00,54.77,25.39
08-09,2019,Summer 2022,23:00,18.85,0.101,0.00,63.89,24.66
08-09,2019,Summer 2022,24:00,15.13,0.100,0.00,83.50,23.97
08-10,2019,Summer 2022,01:00,13.79,0.100,0.00,90.70,23.30
08-10,2019,Summer 2022,02:00,13.12,0.100,0.00,93.90,22.69
08-10,2019,Summer 2022,03:00,12.52,0.100,0.00,95.70,22.14
08-10,2019,Summer 2022,04:00,12.39,0.099,0.00,96.30,21.65
08-10,2019,Summer 2022,05:00,12.11,0.099,0.00,97.00,21.21
08-10,2019,Summer 2022,06:00,12.12,0.099,0.00,96.70,20.84
08-10,2019,Summer 2022,07:00,11.79,0.099,0.00,97.20,20.51
08-10,2019,Summer 2022,08:00,13.06,0.099,0.00,94.10,20.19
08-10,2019,Summer 2022,09:00,16.53,0.099,0.00,82.00,20.05
08-10,2019,Summer 2022,10:00,19.76,0.099,0.00,67.51,20.33
08-10,2019,Summer 2022,11:00,21.53,0.100,0.00,62.84,21.18
08-10,2019,Summer 2022,12:00,22.81,0.100,0.00,62.03,22.55
08-10,2019,Summer 2022,13:00,23.86,0.100,0.00,54.17,24.09
08-10,2019,Summer 2022,14:00,24.66,0.100,0.00,48.65,25.24
08-10,2019,Summer 2022,15:00,25.10,0.101,0.00,46.06,26.16
08-10,2019,Summer 2022,16:00,26.07,0.101,0.00,42.13,26.85
08-10,2019,Summer 2022,17:00,25.82,0.101,0.00,44.28,26.88
08-10,2019,Summer 2022,18:00,25.64,0.101,0.00,44.89,26.64
08-10,2019,Summer 2022,19:00,25.24,0.101,0.00,44.80,26.46
08-10,2019,Summer 2022,20:00,24.87,0.101,0.00,47.33,26.22
08-10,2019,Summer 2022,21:00,23.60,0.101,0.00,52.56,25.83
08-10,2019,Summer 2022,22:00,21.53,0.101,0.00,62.28,25.28
08-10,2019,Summer 2022,23:00,18.34,0.100,0.00,76.37,24.65
08-10,2019,Summer 2022,24:00,16.03,0.100,0.00,88.30,24.00
08-11,2019,Summer 2022,01:00,14.96,0.100,0.00,93.00,23.38
08-11,2019,Summer 2022,02:00,14.02,0.099,0.00,95.70,22.80
08-11,2019,Summer 2022,03:00,13.40,0.099,0.00,96.80,22.28
08-11,2019,Summer 2022,04:00,12.89,0.099,0.00,97.40,21.79
08-11,2019,Summer 2022,05:00,12.37,0.099,0.00,97.50,21.36
08-11,2019,Summer 2022,06:00,12.10,0.098,0.00,97.70,20.96
08-11,2019,Summer 2022,07:00,11.88,0.098,0.00,97.80,20.59
08-11,2019,Summer 2022,08:00,13.17,0.098,0.00,95.70,20.28
08-11,2019,Summer 2022,09:00,17.18,0.099,0.00,83.20,20.17
08-11,2019,Summer 2022,10:00,20.19,0.099,0.00,70.27,20.55
08-11,2019,Summer 2022,11:00,21.04,0.099,0.00,66.18,21.32
08-11,2019,Summer 2022,12:00,22.14,0.099,0.00,59.41,22.04
08-11,2019,Summer 2022,13:00,22.68,0.099,0.00,61.21,22.67
08-11,2019,Summer 2022,14:00,24.74,0.100,0.00,53.98,23.35
08-11,2019,Summer 2022,15:00,26.75,0.100,0.00,49.77,24.83
08-11,2019,Summer 2022,16:00,27.56,0.100,0.00,47.18,26.38