id,SAMPLE,Carcass-id,date,Season,Sampletype,Stage,Larvae,ADH,Erysipelothrix,Ignatzschineria,Escherichia-Shigella,Acinetobacter,Lactococcus,Bradymonadales,Enterococcus,Providencia,Wohlfahrtiimonas,Sporosarcina
C10-M1,C10-M1,C10,10/14/2022,Fall,Mouth,Fresh,No,0,0,0,0.325673375388004,0.013943126063883,0,0,0,0,0,0
C10-R1,C10-R1,C10,10/14/2022,Fall,Rectum,Fresh,No,0,0,0,0.466225354117731,0.204142643604527,0.000355897216883764,0,0.00177948608441882,0,0,0
C10-SK1,C10-SK1,C10,10/14/2022,Fall,Skin,Fresh,No,0,0,0,0.13898708884107,0.382224100830003,0,0,0.00184445127574547,0,0,0
C11-R1,C11-R1,C11,10/14/2022,Fall,Rectum,Fresh,No,0,0,0.00199700449326011,0.243634548177733,0.036445332001997,0,0,0,0,0,0
C11-M1,C11-M1,C11,10/14/2022,Fall,Mouth,Fresh,No,0,0,0,0.147810574116121,0.0073953940966591,0,0,0,0,0,0
C11-SK1,C11-SK1,C11,10/14/2022,Fall,Skin,Fresh,No,0,0,0,0.290127289661596,0.201878298665011,0,0,0.00139708165166097,0,0,0
C12-R1,C12-R1,C12,10/14/2022,Fall,Rectum,Fresh,No,0,0,0,0.285171102661597,0.334600760456274,0,0,0,0,0,0
C12-M1,C12-M1,C12,10/14/2022,Fall,Mouth,Fresh,No,0,0,0,0.0469459868753155,0.506612821807168,0.00565371024734982,0,0.00282685512367491,0,0.000807672892478546,0
C12-SK1,C12-SK1,C12,10/14/2022,Fall,Skin,Fresh,No,0,0,0,0.654414458419831,0.208450360239345,0,0,0.000976920258883869,0,0,0
C7-R1,C7-R1,C7,10/14/2022,Fall,Rectum,Fresh,No,0,0,0,0.822502424830262,0.0300678952473327,0,0,0,0,0,0
C7-M1,C7-M1,C7,10/14/2022,Fall,Mouth,Fresh,No,0,0,0,0.788764956398296,0.0761306023119043,0,0,0.0059622794564997,0,0,0
C7-SK1,C7-SK1,C7,10/14/2022,Fall,Skin,Fresh,No,0,0,0,0.793911089261886,0.0875412599199382,0,0,0.00305498981670061,0,0,0
C8-M1,C8-M1,C8,10/14/2022,Fall,Mouth,Fresh,No,0,0,0,0,0.00582959641255605,0,0,0.0556053811659193,0,0,0
C8-R1,C8-R1,C8,10/14/2022,Fall,Rectum,Fresh,No,0,0,0.0195914058618977,0.873727024341778,0.0701999503229011,0.000745156482861401,0,0,0,0.0003725782414307,0
C8-SK1,C8-SK1,C8,10/14/2022,Fall,Skin,Fresh,No,0,0,0,0.895052761408798,0.0170481019597095,0,0,0.000465944908866658,0,0,0
C9-R1,C9-R1,C9,10/14/2022,Fall,Rectum,Fresh,No,0,0,0,0.826185655561691,0.107368550217805,0,0,0,0,0,0
C9-SK1,C9-SK1,C9,10/14/2022,Fall,Skin,Fresh,No,0,0,0,0.521476316883615,0.118175712412448,0,0,0.00111939105126811,0,0.000223878210253622,0
C10-M16,C10-M16,C10,10/21/2022,Fall,Mouth,Fresh,No,22,0,0.00031613333801679,0.17173065439601,0.528645193016966,0.12308124626787,0,0,0.0396220450314377,0,0
C10-R16,C10-R16,C10,10/21/2022,Fall,Rectum,Fresh,No,22,0,0,0.251576058740636,0.481198546317585,0.204405547726767,0,0.0117926277534673,0,0,0
C11-M16,C11-M16,C11,10/21/2022,Fall,Mouth,Fresh,No,22,0,0,0.0412516546231799,0.401189158691925,0.153896230714146,0,0,0.000542499403250656,8.6799904520105E-05,0
C11-SK16,C11-SK16,C11,10/21/2022,Fall,Skin,Fresh,No,22,0,0,0.0490654205607477,0.30607476635514,0.0114485981308411,0,0.0102803738317757,0,0,0
C11-R16,C11-R16,C11,10/21/2022,Fall,Rectum,Fresh,No,22,0,0.0107658429165647,0.187178859799364,0.664790800097871,0.00269146072914118,0,0.0342549547345241,0,0,0
C12-M16,C12-M16,C12,10/21/2022,Fall,Mouth,Fresh,No,22,0,0,0,0.708998606410512,0.130459884531157,0,0,0.000119450527573163,0,0
C12-R16,C12-R16,C12,10/21/2022,Fall,Rectum,Fresh,No,22,0,8.37871805613741E-05,0.0119187264348555,0.838081273565145,0.0215542521994135,0,0.00324675324675325,0,0,0
C7-M16,C7-M16,C7,10/21/2022,Fall,Mouth,Fresh,No,22,0,0,0,0.978171601469635,0,0,0,0.00129673654635833,0,0
C7-R16,C7-R16,C7,10/21/2022,Fall,Rectum,Fresh,No,22,0,0,0.00281407035175879,0.785929648241206,0.00522613065326633,0,0,0,0,0
C8-M16,C8-M16,C8,10/21/2022,Fall,Mouth,Fresh,No,22,0,0,0.0513848071956541,0.861608335559712,0.00154362216878915,0,0.000296850417074836,0,0,0
C8-R16,C8-R16,C8,10/21/2022,Fall,Rectum,Fresh,No,22,0,0,0.408151466974996,0.530423471599942,0.00140916317386906,0,0.00065038300332418,0,0,0
C8-SK16,C8-SK16,C8,10/21/2022,Fall,Skin,Fresh,No,22,0,0,0.163166953528399,0.653700516351119,0.0072289156626506,0,0,0,0,0
C9-M16,C9-M16,C9,10/21/2022,Fall,Mouth,Fresh,No,22,0,0,0.00490643927858424,0.672148343653775,0.106960376273136,0,0.00460190166818935,0.00693669001455013,0,0
C9-R16,C9-R16,C9,10/21/2022,Fall,Rectum,Fresh,No,22,0,0,0.017426567295046,0.344366505918457,0.296032441911442,0,0,0,0,0
C10-M19,C10-M19,C10,10/23/2022,Fall,Mouth,Bloat,No,290,0,0.000360345083409288,0,0.425906691820167,0.160523136274032,0,0.0199885537444094,0.0274710134175552,0,0
C10-R19,C10-R19,C10,10/23/2022,Fall,Rectum,Bloat,No,290,0,0,0.146382419507921,0,0.797984960210265,0,0.0556326202818135,0,0,0
C11-R19,C11-R19,C11,10/23/2022,Fall,Rectum,Bloat,No,290,0,0,0.332832180682236,0.181049747753166,0.0195449533928034,0,0.399285022217768,0.00033410176739835,0,0
C11-M19,C11-M19,C11,10/23/2022,Fall,Mouth,Bloat,No,290,0,0,0.0464039742576493,0.0545782996499944,0.662481652929886,0,0.00386135260246133,0.00266455910579203,0,0
C12-M19,C12-M19,C12,10/23/2022,Fall,Mouth,Bloat,No,290,0,0,0.006859382655561,0.517994744109394,0.0136964945882143,0,0.00191528217005924,0.00367466927976482,0,0
C12-R19,C12-R19,C12,10/23/2022,Fall,Rectum,Bloat,No,290,0,0,0.0835729736607711,0.0064639267082326,0.849980913602239,0,0.0143275225855707,0,0,0
C12-SK19,C12-SK19,C12,10/23/2022,Fall,Skin,Bloat,No,290,0,0.00490918016691213,0.0363279332351497,0.348551791850761,0.0525282277859597,0,0,0.0157093765341188,0,0
C7-M19,C7-M19,C7,10/23/2022,Fall,Mouth,Bloat,No,290,0,0,0.0499912296088406,0.174223820382389,0.351824241361165,0,0.00495527100508683,0.0569636905805999,0,0
C7-R19,C7-R19,C7,10/23/2022,Fall,Rectum,Bloat,No,290,0,0,0.4164777191604,0.00579189583567179,0.474217083847794,0,0.00579189583567179,0,0,0
C8-M19,C8-M19,C8,10/23/2022,Fall,Mouth,Bloat,No,290,0,0,0.00164189039272243,0.646949190148658,0.00204126913689816,0,0,0.00603505657865543,0,0
C8-R19,C8-R19,C8,10/23/2022,Fall,Rectum,Bloat,No,290,0,0,0.107872717658403,0.169554262963078,0.0507636318392485,0,0.449096394911195,0.00202183582693085,0,0
C9-R19,C9-R19,C9,10/23/2022,Fall,Rectum,Bloat,No,290,0,0,0.0137075876098908,0.00450461359618319,0.780872345063089,0,0.00736237921096607,0,0,0
C9-M19,C9-M19,C9,10/23/2022,Fall,Mouth,Bloat,No,290,0,0,0.000943795359130406,0.735476942103036,0.0711426432778989,0,0.00530478081166401,0.00966576626419761,0,0
C10-M20,C10-M20,C10,10/23/2022,Fall,Mouth,Bloat,No,338,0,0.000184616804744652,0.076454434264879,0.096577665982046,0.353171947476519,0,0.00579235224886345,0.035977199824614,0,0
C10-SK20,C10-SK20,C10,10/23/2022,Fall,Skin,Bloat,No,338,0,0.0022191076851203,0.084910067741182,0.277213267928054,0.0423382387292689,0,0.0127890679747723,0.0113875262789068,0.000233590282644242,0
C10-R20,C10-R20,C10,10/23/2022,Fall,Rectum,Bloat,No,338,0,0,0.175119222303742,0.00022927366104182,0.588866471019809,0,0.234501100513573,0,0,0
C11-M20,C11-M20,C11,10/23/2022,Fall,Mouth,Bloat,No,338,0,0,0.0267965630966846,0.0101544870682173,0.668612220100677,0,0.00344992188856101,0.00160562402360701,0,0
C11-R20,C11-R20,C11,10/23/2022,Fall,Rectum,Bloat,No,338,0,0,0.264203117144294,0.00591891768362357,0.00367932720873897,0,0.706727912610266,0,0,0
C12-M20,C12-M20,C12,10/23/2022,Fall,Mouth,Bloat,No,338,0,0,0.00537610119719901,0.123921391461486,0.554054664558392,0,0.00948723740682177,0.00162638355545516,0,0
C12-R20,C12-R20,C12,10/23/2022,Fall,Rectum,Bloat,No,338,0,0,0.263410126364652,0.00234247399638958,0.67592194618757,0,0.0200722083727327,0,0,0
C7-R20,C7-R20,C7,10/23/2022,Fall,Rectum,Bloat,No,338,0,0,0.643033986045465,0.00343236551879361,0.314202115687598,0,0.00692099932478055,0,0.000225073148773351,0
C7-M20,C7-M20,C7,10/23/2022,Fall,Mouth,Bloat,No,338,0,0.00104766893661603,0.000215696545773888,0.16044741626352,0.27575262687579,0,0.0786984254152159,0.040396881644224,0,0
C7-SK20,C7-SK20,C7,10/23/2022,Fall,Skin,Bloat,No,338,0,0,0.00962309542902967,0.916599839615076,0.0152365677626303,0,0.00801924619085806,0,0,0
C8-M20,C8-M20,C8,10/23/2022,Fall,Mouth,Bloat,No,338,0,0.000112214554227683,0.0241822364360658,0.0798406553329967,0.682012006957302,0,0.0129046737361836,0.00106603826516299,0,0
C8-R20,C8-R20,C8,10/23/2022,Fall,Rectum,Bloat,No,338,0,0,0.426152824722356,0.0106530661516176,0.0123430709802028,0,0.531898841139546,0.000331965234186383,0,0
C8-SK20,C8-SK20,C8,10/23/2022,Fall,Skin,Bloat,No,338,0,0.00185690879300928,0.129437465865647,0.327762606954305,0.0101947933733843,0,0.0160203895867468,0.00659020571636628,0.000618969597669761,0.00229382850901147
C9-M20,C9-M20,C9,10/23/2022,Fall,Mouth,Bloat,No,338,0,0,0.00504902820827729,0.450728112755132,0.166695908142776,0,0.00937676667251496,0.0117745677135115,0,0
C9-R20,C9-R20,C9,10/23/2022,Fall,Rectum,Bloat,No,338,0,0,0.0231326043431388,0.000800862467272447,0.798798706299091,0,0.0117665177883875,0.00304943785615278,0,0
C9-SK20,C9-SK20,C9,10/23/2022,Fall,Skin,Bloat,No,338,0,0.00109868158210148,0.0127846584099081,0.264282860567319,0.394326807830603,0,0.00359568517778666,0.0113863363963244,0,0
C10-R23,C10-R23,C10,10/25/2022,Fall,Rectum,Bloat,No,654,0,0,0.166853806422636,0.00121266561868403,0.42048057489333,0,0.3443072086234,0,0,0
C10-M23,C10-M23,C10,10/25/2022,Fall,Mouth,Bloat,No,654,0,0.0152828637620507,0.00937897018160078,0.00112099245198416,0.169083028174277,0,0.00949106942679919,0.00343771018608475,0,0
C11-SK23,C11-SK23,C11,10/25/2022,Fall,Skin,Bloat,No,654,0,0.0070709946848899,0.00265755504935459,0.312832194381169,0.0213078967350038,0,0.00806757782839787,0.00811503416856492,0.08917046317388,0
C11-R23,C11-R23,C11,10/25/2022,Fall,Rectum,Bloat,No,654,0,0,0.132499506611407,0.00542727452141306,0.0292332741267022,0,0.693457667258733,0.00022202486678508,0,0
C11-M23,C11-M23,C11,10/25/2022,Fall,Mouth,Bloat,No,654,0,0,0.012308556976254,0.00384993677111142,0.723450892229872,0,0.00314739356470423,0,0,0
C12-M23,C12-M23,C12,10/25/2022,Fall,Mouth,Bloat,No,654,0,0.00123673090796661,0,0.000979078635473565,0.659435226218695,0,0.00834793362877461,0.00170050499845409,0,0
C12-R23,C12-R23,C12,10/25/2022,Fall,Rectum,Bloat,No,654,0,0,0.0179499964384928,0.00395327302514424,0.797243393404089,0,0.169492129069022,0,0,0
C7-M23,C7-M23,C7,10/25/2022,Fall,Mouth,Bloat,No,654,0.00160062975596956,0.201784308580425,0,0.0117292049330884,0.523668328522697,0,0.0457097874573603,0.00944633954342692,7.87194961952244E-05,0
C7-R23,C7-R23,C7,10/25/2022,Fall,Rectum,Bloat,No,654,0,0,0.466055652666887,0,0.384513629706619,0,0.137572636651391,0,0,0
C8-M23,C8-M23,C8,10/25/2022,Fall,Mouth,Bloat,No,654,0,0.0201308505284348,0.00106246155566739,0.162165184812392,0.0149862998378348,0,0.0232623161661914,0.00139797573114131,0.00774478555052284,0
C8-R23,C8-R23,C8,10/25/2022,Fall,Rectum,Bloat,No,654,0,7.27669637984355E-05,0.0642168455521193,0.00625795888666545,0.0380571220665818,0,0.756849190467528,0,0,0
C8-SK23,C8-SK23,C8,10/25/2022,Fall,Skin,Bloat,No,654,0,0.00616016427104723,0.109361928663777,0.259943721956042,0.0134610997033995,0,0.00577990721727888,0.0244885542626816,0.00212943950110275,0.000532359875275686
C9-M23,C9-M23,C9,10/25/2022,Fall,Mouth,Bloat,No,654,0,0,0.00330296441055848,0.373097354876001,0.147890231482756,0,0.00949602268035562,0.0062756323800611,0,0
C9-SK23,C9-SK23,C9,10/25/2022,Fall,Skin,Bloat,No,654,0,0,0.00972771001546126,0.165607283971826,0.235590963751933,0,0.0128414361793506,0.00697904140182099,0,0
C9-R23,C9-R23,C9,10/25/2022,Fall,Rectum,Bloat,No,654,0,0,0.0630833239626673,0.000562239964016642,0.138985719104914,0,0.0192286067693692,0,0,0
C10-R25,C10-R25,C10,10/26/2022,Fall,Rectum,Bloat,No,828,0,0.000360594259339391,0.352012115967114,0.000540891389009087,0.322840040386557,0,0.286239723063609,0,0,0
C10-M25,C10-M25,C10,10/26/2022,Fall,Mouth,Bloat,No,828,0,0.0774748355393517,0.0177538242054371,0.00709360386779742,0.412221605769993,0,0.004359197907585,0.025560751367203,0,0
C11-R25,C11-R25,C11,10/26/2022,Fall,Rectum,Bloat,No,828,0,0.000196357567129743,0.0781994011094203,0.0091797162633155,0.0617544548623043,0,0.337391389720681,0.00643071032349909,0,0
C12-M25,C12-M25,C12,10/26/2022,Fall,Mouth,Bloat,No,828,0,0.0175929978118162,0.000306345733041575,0.0746608315098468,0.27472647702407,0,0.00417943107221007,0.0103938730853392,0.00396061269146608,0
C12-R25,C12-R25,C12,10/26/2022,Fall,Rectum,Bloat,No,828,0,0.0228245752774672,0.0112623053639115,0.00474489378527992,0.363147991600993,0,0.0148891494641542,0.0180251424831611,0.000654468108314472,0
C7-M25,C7-M25,C7,10/26/2022,Fall,Mouth,Bloat,No,828,0.0352764989738754,0.136224970880248,0,0.00640634533251983,0.481640689999445,0,0.00818126351988463,0.0180819790337789,0.00102612457707028,0
C7-R25,C7-R25,C7,10/26/2022,Fall,Rectum,Bloat,No,828,0,0.0662637873473355,0.382284579301018,0.00393018636690191,0.198157461015087,0,0.206271394159659,0.0112411782107087,0.00118328191691671,0
C7-SK25,C7-SK25,C7,10/26/2022,Fall,Skin,Bloat,No,828,0,0.00431499460625674,0,0.140237324703344,0.35814455231931,0,0.075512405609493,0,0,0
C8-M25,C8-M25,C8,10/26/2022,Fall,Mouth,Bloat,No,828,0,0.153710336477829,0.00221964384805529,0.132119255410382,0.0219946526761842,0,0.0189174191595621,0.00524643091358523,0.133329970236594,0
C8-SK25,C8-SK25,C8,10/26/2022,Fall,Skin,Bloat,No,828,0,0.024642426331208,0.0293296570739273,0.0451145958986731,0.0202653799758745,0,0.0245734964673445,0.025641909357229,0.00565224883680855,0.000275719455454076
C8-R25,C8-R25,C8,10/26/2022,Fall,Rectum,Bloat,No,828,0,0,0.0647820114236136,0.00267515002530547,0.104475453690984,0,0.438796905502133,0,0.000433808112211698,0
C9-M25,C9-M25,C9,10/26/2022,Fall,Mouth,Bloat,No,828,0,0.000710686135159581,0.000969117457035793,0.600723607701253,0.105375371495025,0,0.0045225481328337,0.00755911616487918,0,0
C9-R25,C9-R25,C9,10/26/2022,Fall,Rectum,Bloat,No,828,0,0,0.147732830294138,0.00607839027457556,0.0654649619227276,0,0.0160693076224411,0,0,0
C10-M37,C10-M37,C10,11/1/2022,Fall,Mouth,Bloat,No,997,0.000919716420770262,0.769400268250623,0.00251005939835217,0.00195439739413681,0.00821996551063422,0,0.000689787315577697,0.0050392795554704,0.0143322475570033,0
C10-SK37,C10-SK37,C10,11/1/2022,Fall,Skin,Bloat,No,997,0.000597609561752988,0.83605577689243,0.00099601593625498,0.0113545816733068,0.00119521912350598,0,0,0.0048804780876494,0.0102589641434263,0
C10-R37,C10-R37,C10,11/1/2022,Fall,Rectum,Bloat,No,997,0,0.0603687984779745,0.0158056490560515,0.217547197424265,0.00431728376994,0,0.0107566222742573,0.00878091614225084,0.00182935752963559,0
C11-R37,C11-R37,C11,11/1/2022,Fall,Rectum,Bloat,No,997,0,0.00389255267814058,0.00312047611388129,0.311468553964935,0.142448126105839,0,0.00106160527585652,0,0,0
C11-M37,C11-M37,C11,11/1/2022,Fall,Mouth,Bloat,No,997,0,0.0109130592942888,0.000485024857523948,0.093852309930884,0.0244129178287054,0,0,0.00266763671638171,0.0202093690634978,0
C12-M37,C12-M37,C12,11/1/2022,Fall,Mouth,Bloat,No,997,0,0.763402230205757,0,0.00433910325199459,0,0,0,0.00177296692016983,0.00195959501702981,0
C12-R37,C12-R37,C12,11/1/2022,Fall,Rectum,Bloat,No,997,0.000329348219872872,0.0388960247669861,0.000724566083720318,0.0351414550604354,0.212956558969799,0,0.00428152685834733,0.00118565359154234,0.0028323946909067,0
C7-M37,C7-M37,C7,11/1/2022,Fall,Mouth,Bloat,No,997,0.00323950444337434,0.671540515694086,0,0.00499058792627939,0.0548526901020006,0,0.0036772753141006,0.00135708969925141,0.0467977060806374,0
C7-SK37,C7-SK37,C7,11/1/2022,Fall,Skin,Bloat,No,997,0.000488599348534202,0.433736621684504,0,0.182177757096324,0.0656351791530945,0,0.0200093066542578,0.00365286179618427,0.00181479758026989,0
C7-R37,C7-R37,C7,11/1/2022,Fall,Rectum,Bloat,No,997,0,0.0622721354166667,0.00149739583333333,0.348209635416667,0.0419270833333333,0,0.009765625,0.00602213541666667,0.0005859375,0
C8-M37,C8-M37,C8,11/1/2022,Fall,Mouth,Bloat,No,997,0.0187295575830608,0.61389223618523,0.00414873472198313,0.00203133069375108,0.0042520227233603,0,0.00330521604406955,0.00118781201583749,0.0241005336546738,0
C8-R37,C8-R37,C8,11/1/2022,Fall,Rectum,Bloat,No,997,0.00494441792266248,0.110686762599741,0.000818386414785515,0.072768192048012,0.084123303553161,0,0.013503375843961,0.0146286571642911,0.00514901452635886,0.00272795471595172
C8-SK37,C8-SK37,C8,11/1/2022,Fall,Skin,Bloat,No,997,0.000348705431087089,0.0877865922761747,0.000828175398831837,0.311219597245227,0.00588440414959463,0,0.00435881788858862,0.00605875686513817,0.0040972888152733,0
C9-M37,C9-M37,C9,11/1/2022,Fall,Mouth,Bloat,No,997,0.00226114283524317,0.378224044762963,0,0.0794849193270226,0.00425401448664393,0,0.00325757866094355,0.00617023722837543,0.016671137853064,0
C9-R37,C9-R37,C9,11/1/2022,Fall,Rectum,Bloat,No,997,0.000154254334546801,0.0246806935274881,0.0833281915221818,0.00598506818041587,0.00990312827790461,0,0.010026531745542,0.00286913062257049,0,0
C9-SK37,C9-SK37,C9,11/1/2022,Fall,Skin,Bloat,No,997,0,0.100328327681791,0.000215296840518865,0.0847731309543032,0.00801980730932774,0,0,0.0246514882394101,0,0
C10-M39,C10-M39,C10,11/2/2022,Fall,Mouth,Active,Yes,1055,0.000907558667185272,0.733480271403259,0.00237693936643762,0.00203120273131942,0.00834089632222654,0,0,0.00514283244738321,0.00894593543368339,0
C10-R39,C10-R39,C10,11/2/2022,Fall,Rectum,Active,Yes,1055,0.00171905697445972,0.254420432220039,0.056483300589391,0.0338899803536346,0.025049115913556,0,0.0108055009823183,0.0135068762278978,0.00982318271119843,0
C10-SK39,C10-SK39,C10,11/2/2022,Fall,Skin,Active,Yes,1055,0.000728013977868375,0.167152009318579,0.00145602795573675,0.242574257425743,0.0103377984857309,0,0.00451368666278393,0.00902737332556785,0.0069889341875364,0
C11-M39,C11-M39,C11,11/2/2022,Fall,Mouth,Active,Yes,1055,0.000184263865855906,0.0759167127326331,0.00176074360706754,0.0106258829310239,0.041930266363655,0,0.00309153819380464,0.0036033822656266,0.0357267162131728,0
C12-M39,C12-M39,C12,11/2/2022,Fall,Mouth,Active,Yes,1055,0.0151658360543049,0.721129059975941,0.000816291459013576,0.00141776937618147,0.0089362433407802,0,0.00128888125107407,0.00107406770922839,0.00399553187832961,0
C12-R39,C12-R39,C12,11/2/2022,Fall,Rectum,Active,Yes,1055,0.00141077695960361,0.0755625903241346,0,0.015690592526323,0.106290000688184,0,0.00416351249053747,0,0.00082582065928016,0
C12-SK39,C12-SK39,C12,11/2/2022,Fall,Skin,Active,Yes,1055,0.000604914933837429,0.109187145557656,0.000907372400756144,0.404914933837429,0.00718336483931947,0,0,0.00196597353497164,0.00574669187145558,0
C7-M39,C7-M39,C7,11/2/2022,Fall,Mouth,Active,Yes,1055,0.0112359550561798,0.735203606956273,0,0.0211121448507837,0.0129535532813283,0,0.00236169755957919,0.00164603163243398,0.0366420954698347,0.0013597652615759
C7-R39,C7-R39,C7,11/2/2022,Fall,Rectum,Active,Yes,1055,0,0.0312647627227829,0.00249087395318875,0.211294824994632,0.0274855056903586,0,0.00480996349581276,0.00107365256602963,0.000558299334335409,0
C8-M39,C8-M39,C8,11/2/2022,Fall,Mouth,Active,Yes,1055,0.0105009574402372,0.813330038915313,0.000617703378837482,0,0.00586818209895608,0,0.00253258385323368,0.0016677991228612,0.0208783742047069,0.000432392365186238
C8-R39,C8-R39,C8,11/2/2022,Fall,Rectum,Active,Yes,1055,0.00240375860436319,0.173107040099064,0.00182102924572969,0.0245110536475216,0.0616964708453218,0,0.0387150817642131,0.00626434060531012,0.0176275630986634,0.00433404960483665
C9-M39,C9-M39,C9,11/2/2022,Fall,Mouth,Active,Yes,1055,0.0401117034780401,0.346204620462046,0,0.0464077176948464,0.011957349581112,0,0.00396039603960396,0.0141660319878142,0.0101548616400102,0
C9-R39,C9-R39,C9,11/2/2022,Fall,Rectum,Active,Yes,1055,0.000233563003620227,0.153334111876679,0.00221884853439215,0.00262758379072755,0.0035034450543034,0,0.0101599906574799,0.0287282494452879,0.00239402078710732,0
C10-M43,C10-M43,C10,11/4/2022,Fall,Mouth,Active,Yes,1245,0.000858148116364885,0.297519951943706,0,0,0.000943962928001373,0,0,0,0.00437655539346091,0
C10-R43,C10-R43,C10,11/4/2022,Fall,Rectum,Active,Yes,1245,0.00405218071304162,0.276081470159599,0.00305690825720684,0.00650481640777734,0.00241709024988448,0,0.00700245263569474,0.0052962712828351,0.0057939075107525,0.0048697259446202
C10-SK43,C10-SK43,C10,11/4/2022,Fall,Skin,Active,Yes,1245,0.00351260264869227,0.273270992547586,0.00128162529073907,0.0823562918308255,0.00560117719656335,0,0.0030379266150852,0.00322779702852803,0.0052214363696777,0.00408221388902074
C11-R43,C11-R43,C11,11/4/2022,Fall,Rectum,Active,Yes,1245,0,0,0,0,0,0,0,0,0,0
C11-SK43,C11-SK43,C11,11/4/2022,Fall,Skin,Active,Yes,1245,0.00929368029739777,0.384758364312268,0,0.0390334572490706,0.0315985130111524,0,0,0,0.0204460966542751,0
C11-M43,C11-M43,C11,11/4/2022,Fall,Mouth,Active,Yes,1245,0.000630384534566085,0.323877565314842,0.000630384534566085,0.000770469986691882,0.0150591861035231,0,0,0,0.0135882888562023,0
C12-R43,C12-R43,C12,11/4/2022,Fall,Rectum,Active,Yes,1245,0.0130508439127434,0.32079141656035,0,0.00332545542007404,0.0141384142388053,0,0.00133854809361471,0.00211239621023571,0.00276075544308033,0.00416204797858323
C12-M43,C12-M43,C12,11/4/2022,Fall,Mouth,Active,Yes,1245,0.00753981701118265,0.805800293685756,0,0.0042358522534734,0.000931887495764148,0,0,0.00132723370608833,0.00183553597650514,0.00084717045069468
C12-SK43,C12-SK43,C12,11/4/2022,Fall,Skin,Active,Yes,1245,0.0108035543054401,0.42415137761299,0,0.17976091542543,0.00767116282043086,0,0.00313239148500927,0,0.00255705427347695,0.00127852713673848
C7-M43,C7-M43,C7,11/4/2022,Fall,Mouth,Active,Yes,1245,0.0101296756138899,0.453391667652044,0,0.0159631074849237,0.00476922470537228,0,0.00673997871585669,0,0.0306255173229278,0.00788301604193765
C7-SK43,C7-SK43,C7,11/4/2022,Fall,Skin,Active,Yes,1245,0.0165261382799325,0.22584700291277,0.000214625172466656,0.143308293729879,0.0241300015330369,0,0.00309673463130461,0.00107312586233328,0.00840104246512341,0.0140732791660279
C7-R43,C7-R43,C7,11/4/2022,Fall,Rectum,Active,Yes,1245,0.00817053370345153,0.632273608128634,0,0.0110511705860787,0.00282826166657937,0,0.00196407060179123,0,0.00130938040119415,0.0225999057246111
C8-R43,C8-R43,C8,11/4/2022,Fall,Rectum,Active,Yes,1245,0.00159766928245853,0.188618955876134,0,0,0.0244819322400263,0,0.0520652224989427,0.000704854095202293,0.00333630938395752,0.00037592218410789
C8-SK43,C8-SK43,C8,11/4/2022,Fall,Skin,Active,Yes,1245,0.00755467196819085,0.475944333996024,0.000497017892644135,0.0225646123260437,0.0128230616302187,0,0.00387673956262425,0.00238568588469185,0.00864811133200795,0.00387673956262425
C8-M43,C8-M43,C8,11/4/2022,Fall,Mouth,Active,Yes,1245,0.0254107213916207,0.74469899380365,0.000795861520095503,0,0.0041498493547837,0,0.00221704280598033,0.00324029333181741,0.0168267864248764,0.00233073730885112
C9-R43,C9-R43,C9,11/4/2022,Fall,Rectum,Active,Yes,1245,0.00114556910236478,0.454586367727682,0.00306848866704852,0.00613697733409705,0.000777350462318959,0,0.00276163980034367,0.00677113165862041,0.0097577939612143,0
C9-SK43,C9-SK43,C9,11/4/2022,Fall,Skin,Active,Yes,1245,0.00168861870989531,0.288416075650118,0,0.0838305377312469,0.00667942511914143,0,0.00371496116176967,0.020863822282262,0.00562872903298435,0
C9-M43,C9-M43,C9,11/4/2022,Fall,Mouth,Active,Yes,1245,0.000484422779981229,0.689515274455781,0,0.00320930091737564,0.00102939840746011,0,0.00166520330618547,0.0033909594598686,0.025523025220261,0
C11-M44,C11-M44,C11,11/4/2022,Fall,Mouth,Active,Yes,1281,0,0.891891891891892,0,0.018018018018018,0.0135135135135135,0,0,0,0,0
C11-R44,C11-R44,C11,11/4/2022,Fall,Rectum,Active,Yes,1281,0,0,0,0,0,0,0,0,0,0
C12-SK44,C12-SK44,C12,11/4/2022,Fall,Skin,Active,Yes,1281,0.00771734077173408,0.342445374244537,0,0.163365876336588,0.00269642026964203,0,0,0.00148768014876801,0.00251046025104603,0.000464900046490005
C7-M44,C7-M44,C7,11/4/2022,Fall,Mouth,Active,Yes,1281,0.0188757951819794,0.41500677860048,0,0.0122014808634894,0.00445823339242882,0,0.0020596516842215,0,0.0224736677442903,0.0251590363958703
C7-R44,C7-R44,C7,11/4/2022,Fall,Rectum,Active,Yes,1281,0.013650657518582,0.760577472841624,0.00167953116066324,0.00439536878216124,0.00107204116638079,0,0.00343053173241852,0,0.00125071469411092,0.0358419096626644
C7-SK44,C7-SK44,C7,11/4/2022,Fall,Skin,Active,Yes,1281,0.0109756097560976,0.798606271777003,0,0.0278745644599303,0,0,0,0,0.00383275261324042,0.0214285714285714
C8-SK44,C8-SK44,C8,11/4/2022,Fall,Skin,Active,Yes,1281,0.000969341124989614,0.790013016866536,0,0.00116320934998754,0,0,0,0.0035173235106766,0.0280831971639848,0
C8-R44,C8-R44,C8,11/4/2022,Fall,Rectum,Active,Yes,1281,0.00369306524415265,0.274107509232663,0.000974558883873615,0,0.00430857611817809,0,0.0139515798112433,0.000769388592531801,0.00189782519491178,0.00123102174805088
C9-R44,C9-R44,C9,11/4/2022,Fall,Rectum,Active,Yes,1281,0.00124097113946606,0.673020014637095,0.000286377955261399,0.00197282591402297,0.000827314092977376,0,0.00165462818595475,0.00563209978680752,0.0101505075253763,0
C9-SK44,C9-SK44,C9,11/4/2022,Fall,Skin,Active,Yes,1281,0.00536141694590713,0.505217807563427,0,0.098324557204404,0.0210627094303494,0,0,0.00210627094303494,0.0101483963618956,0.00344662517951173
C9-M44,C9-M44,C9,11/4/2022,Fall,Mouth,Active,Yes,1281,0.000864397622906537,0.544786601836845,0,0.0284170718530524,0.00172879524581307,0,0,0.0124257158292815,0.00831982712047542,0
C10-M45,C10-M45,C10,11/5/2022,Fall,Mouth,Active,Yes,1462,0.00228806508274013,0.399348248127947,0.000323564759175372,0.00300452990662846,0.00150226495331423,0,0.000462235370250532,0.00298141813811593,0.00554682444300638,0.00154848849033928
C11-M45,C11-M45,C11,11/5/2022,Fall,Mouth,Active,Yes,1462,0.00705882352941176,0.855294117647059,0,0.00470588235294118,0.00470588235294118,0,0,0,0.0235294117647059,0
C12-R45,C12-R45,C12,11/5/2022,Fall,Rectum,Active,Yes,1462,0.0116411378555799,0.665266229029905,0,0.00183807439824945,0.00793581327498176,0,0,0.00131291028446389,0.00192560175054705,0.0106491611962071
C7-M45,C7-M45,C7,11/5/2022,Fall,Mouth,Active,Yes,1462,0.0231020230585164,0.375092451598869,0,0.0072438546878399,0.00463345660213183,0,0.00400261039808571,0.000282793125951708,0.0382640852730041,0.00537306939308245
C7-R45,C7-R45,C7,11/5/2022,Fall,Rectum,Active,Yes,1462,0.0382681680309137,0.556862093322807,0,0.00818548219553746,0.00295009764407695,0,0.00240993892051357,0,0.00186978019695018,0.0714256035234969
C8-R45,C8-R45,C8,11/5/2022,Fall,Rectum,Active,Yes,1462,0.0283080974325214,0.336405529953917,7.31475385853266E-05,0,0.00363299441640455,0,0.00794869919293882,0.00141418574598298,0.00390120205788409,0.00199936605466559
C8-SK45,C8-SK45,C8,11/5/2022,Fall,Skin,Active,Yes,1462,0.00400137189893678,0.415113753286841,0,0.00886018063336001,0.00457299645592775,0,0,0.00674516977249343,0.00423002172173317,0.00342974734194581
C9-R45,C9-R45,C9,11/5/2022,Fall,Rectum,Active,Yes,1462,0.0026706573040175,0.688108668124784,0,0.00973868999654656,0,0,0,0.00536433751582825,0.0167836997812824,0
C9-SK45,C9-SK45,C9,11/5/2022,Fall,Skin,Active,Yes,1462,0,1,0,0,0,0,0,0,0,0
C10-R46,C10-R46,C10,11/5/2022,Fall,Rectum,Advanced,Yes,1488,0.0156176608736496,0.393259746359793,0.000352278064819164,0.000743698136840457,0,0,0,0.0019962423673086,0.00771097541881948,0.00755440739001096
C11-R46,C11-R46,C11,11/5/2022,Fall,Rectum,Advanced,Yes,1488,0.0216183864017237,0.525879818051233,0,0.0254488867608331,0.00756523820924108,0,0.0033277471869763,0.00593727555661958,0.011204213550395,0.00050275317213311
C11-M46,C11-M46,C11,11/5/2022,Fall,Mouth,Advanced,Yes,1488,0.0138909951169209,0.764277698583604,0,0.00928088320038822,0.0052470352734221,0,0.000879560826180583,0.00388219950865912,0.0108883564344424,0.00103120924448758
C11-SK46,C11-SK46,C11,11/5/2022,Fall,Skin,Advanced,Yes,1488,0.000792267469497702,0.525907146252575,0,0.0169545238472508,0.0259863729995246,0,0.00380288385358897,0,0.00919030264617335,0
C12-SK46,C12-SK46,C12,11/5/2022,Fall,Skin,Advanced,Yes,1488,0.0386110921618119,0.124428678627464,0,0.184323623712395,0.0118698410532778,0,0,0,0.000750392250494577,0.00231939422880142
C7-R46,C7-R46,C7,11/5/2022,Fall,Rectum,Advanced,Yes,1488,0.011993809646634,0.514250709311323,0,0.0718338921846789,0.00457828217694093,0,0.00367552231106526,0,0.00154758834150116,0.0417204023729688
C7-M46,C7-M46,C7,11/5/2022,Fall,Mouth,Advanced,Yes,1488,0.0105941788568843,0.386819484240688,0,0.004335695973458,0.00410948574875584,0,0.00350625848288343,0,0.0182476247926406,0.011499019755693
C8-R46,C8-R46,C8,11/5/2022,Fall,Rectum,Advanced,Yes,1488,0.00811123986095017,0.250716594498994,0,0.000670854424589864,0.00481795450387266,0,0.0143928767457462,0,0.00219552357138501,0.00134170884917973
C8-SK46,C8-SK46,C8,11/5/2022,Fall,Skin,Advanced,Yes,1488,0.0183047493403694,0.406695250659631,0,0.0105211081794195,0.00593667546174142,0,0.00478232189973615,0.00260554089709763,0.00488126649076517,0.00600263852242744
C9-R46,C9-R46,C9,11/5/2022,Fall,Rectum,Advanced,Yes,1488,0.00601058385417801,0.615758182887258,0,0.00535725952220214,0.000631546854243342,0,0.00128487118621921,0.00339728652627453,0.010540299222544,0
C10-R52,C10-R52,C10,11/8/2022,Fall,Rectum,Dry,Yes,1582,0.00972329501567541,0.434822118224363,0.000726975328274797,0.00327138897723659,0.000363487664137398,0,0.000726975328274797,0,0.00245354173292744,0.00863283202326321
C7-R52,C7-R52,C7,11/8/2022,Fall,Rectum,Dry,Yes,1582,0.00678064962998068,0.448507163428238,0,0.00240603696547702,0.00247894717655208,0,0.00174984506580147,0.000729102110750611,0.00123947358827604,0.41821297072655
C7-SK52,C7-SK52,C7,11/8/2022,Fall,Skin,Dry,Yes,1582,0.00889739835567068,0.395389871231745,0,0.0908886135826107,0.00600668243420806,0,0.00172692119983482,0.000563126478207005,0.00116379472162781,0.0770732439839321
C8-R52,C8-R52,C8,11/8/2022,Fall,Rectum,Dry,Yes,1582,0.0134735912090339,0.558049642452856,0,0,0.00317512907589939,0,0.0108506584941605,0.000800684723487672,0.00127005163035976,0.00347883707446368
C8-SK52,C8-SK52,C8,11/8/2022,Fall,Skin,Dry,Yes,1582,0.00695422935321122,0.355074769328667,0.003681650834053,0.00904504340711786,0.0341348120539975,0,0.131357665560656,0,0.00131812190354984,0.00672696695604745
C9-SK52,C9-SK52,C9,11/8/2022,Fall,Skin,Dry,Yes,1582,0.00760467268100856,0.266337034466805,0,0.0286548693037243,0.00286259541984733,0,0.00179273652556095,0.00358547305112191,0.000954198473282443,0
C9-R52,C9-R52,C9,11/8/2022,Fall,Rectum,Dry,Yes,1582,0.00890232174749279,0.782030498694876,0,0.000879241654073362,0,0,0,0.00351696661629345,0.00423135046022805,0
C1-R2,C1-R2,C1,8-5-22,Summer,Rectum,Fresh,No,65,0,0,0.0138295838378688,0.908864954432477,0,0,0,0,0,0
C2-M2,C2-M2,C2,8-5-22,Summer,Mouth,Fresh,No,65,0,0.000373245744998507,0.0477008062108092,0.93990743505524,0.000821140638996715,0,0.000895789787996417,0,0,0
C2-R2,C2-R2,C2,8-5-22,Summer,Rectum,Fresh,No,65,0,0,0.0117948147323912,0.944976076555024,0.000890174696784244,0,0.00200289306776455,0.00127962612662735,0.00278179592745076,0
C3-M2,C3-M2,C3,8-5-22,Summer,Mouth,Fresh,No,65,0,0,0.13228315640135,0.745853921041045,0,0,0.00190793014040409,0,0,0
C3-R2,C3-R2,C3,8-5-22,Summer,Rectum,Fresh,No,65,0,0,0.0106171201061712,0.95836098208361,0,0,0,0,0,0
C4-M2,C4-M2,C4,8-5-22,Summer,Mouth,Fresh,No,65,0,0,0.0186027619821283,0.940881397238018,0,0,0.00456945572705118,0,0,0
C4-R2,C4-R2,C4,8-5-22,Summer,Rectum,Fresh,No,65,0,0,0.00817082929705597,0.967653624226088,0,0,0.00480141515394011,0,0,0
C4-SK2,C4-SK2,C4,8-5-22,Summer,Skin,Fresh,No,65,0,0.00140550332635787,0.00965112284099072,0.900084330199581,0.00115563606833869,0,0.0130243308242496,0,0,0
C5-M2,C5-M2,C5,8-5-22,Summer,Mouth,Fresh,No,65,0,0,0.0118862647607209,0.9044437538844,0,0,0.00396208825357365,0.00147607209446861,0,0
C5-R2,C5-R2,C5,8-5-22,Summer,Rectum,Fresh,No,65,0,0,0.00816376264164737,0.94293489297754,0,0,0.00182770805410016,0,0,0
C6-M2,C6-M2,C6,8-5-22,Summer,Mouth,Fresh,No,65,0,0.000403090359422237,0.0489082969432314,0.781323480013436,0.000537453812562983,0,0.00614712798118912,0,0,0
C6-R2,C6-R2,C6,8-5-22,Summer,Rectum,Fresh,No,65,0,0,0.0106719699728299,0.932943054816392,0,0,0.000868323016162012,0,0,0
C1-M4,C1-M4,C1,8-6-22,Summer,Mouth,Bloat,No,441,0,0.0470682277707246,0.00639488409272582,0.038980580241689,0.0630554380025391,0,0.02520336671839,0.0647011802322848,0.0261908120562374,0
C1-R4,C1-R4,C1,8-6-22,Summer,Rectum,Bloat,No,441,0.000120944577147522,0.0123665830133341,0.0804583799473891,0.0380068333686088,0.0547274211592538,0,0.0599582741208841,0.0167205877906449,0.00054425059716385,0
C2-M4,C2-M4,C2,8-6-22,Summer,Mouth,Bloat,No,441,0,0.0402013840438972,0.0195538626892689,0.108913318122678,0.030565874078404,0,0.00439349084532272,0.0564931269209737,0.173024343333396,0
C2-R4,C2-R4,C2,8-6-22,Summer,Rectum,Bloat,No,441,0,0.0121543603767852,0.0853843816469158,0.0587967183226983,0.107667375671022,0,0.0577332117897296,0.0564671325838144,0.117188291299504,0
C2-SK4,C2-SK4,C2,8-6-22,Summer,Skin,Bloat,No,441,0,0.00468530376386069,0.015253266697902,0.613670675204331,0.00718413243791972,0,0.0198344526003436,0.00400853766463637,0.0096309021812692,0
C3-M4,C3-M4,C3,8-6-22,Summer,Mouth,Bloat,No,441,0,0.00487874874443966,0.0386473429951691,0.0798297221026451,0.0271679341847228,0,0.0835126990959966,0.00966183574879227,0.0121490409910556,0
C3-R4,C3-R4,C3,8-6-22,Summer,Rectum,Bloat,No,441,0,0,0.0947783519173239,0.0449641918230441,0,0,0.058335599673647,0,0.00095186293173783,0
C3-SK4,C3-SK4,C3,8-6-22,Summer,Skin,Bloat,No,441,0,0.000622559284622786,0.0270247325824891,0.548559624200577,0.000565962986020714,0,0.0366744014941423,0,0.000509366687418643,0
C4-M4,C4-M4,C4,8-6-22,Summer,Mouth,Bloat,No,441,0,0.0285073670723895,0.0522558799304475,0.347167566578201,0.0300631463347671,0,0.0182117690125378,0.0265397638876178,0.0148256612061865,0
C4-R4,C4-R4,C4,8-6-22,Summer,Rectum,Bloat,No,441,0,0.0507951632296558,0.0801288595476304,0.0113659565779623,0.12870074184986,0,0.0584178406951156,0.00800834864674788,0.00108895392363711,0
C4-SK4,C4-SK4,C4,8-6-22,Summer,Skin,Bloat,No,441,0,0.000843229569250228,0.00569179959243904,0.844810624692573,0.00182699740004216,0,0.00801068090787717,0.00151078631157333,0,0
C5-M4,C5-M4,C5,8-6-22,Summer,Mouth,Bloat,No,441,0,0.0323829305135952,0.00580626888217523,0.12193164652568,0.014303247734139,0,0.00439010574018127,0.143976586102719,0.0684950906344411,0
C5-R4,C5-R4,C5,8-6-22,Summer,Rectum,Bloat,No,441,0,0.00337897919260181,0.21353624145728,0.10586621274866,0.0824674169863571,0,0.0823911994105841,0.0137953812149082,0,0
C5-SK4,C5-SK4,C5,8-6-22,Summer,Skin,Bloat,No,441,0,0.00216727416018126,0.00512264801497389,0.795291104324697,0,0,0.00433454832036253,0.00719140971332874,0,0
C6-M4,C6-M4,C6,8-6-22,Summer,Mouth,Bloat,No,441,0.000130697598431629,0.00709034471491586,0.00751511190981866,0.233295213200457,0.0393399771279203,0,0.00382290475412514,0.0455807874530305,0.0822087894134945,0
C6-R4,C6-R4,C6,8-6-22,Summer,Rectum,Bloat,No,441,0,0.00100088077508207,0.0957242373288494,0.104692129073585,0.138962286812395,0,0.0801505324685723,0.00272239570822324,0.00204179678116743,0
C6-SK4,C6-SK4,C6,8-6-22,Summer,Skin,Bloat,No,441,0,0,0.00882244370616464,0.604466592838686,0,0,0.00638612033960871,0,0,0
C1-M6,C1-M6,C1,8-7-22,Summer,Mouth,Bloat,Yes,830,0.0283037094281298,0.328535548686244,0.00202859350850077,0.00164219474497682,0,0,0.0230873261205564,0.0623551004636785,0.120653013910355,0
C2-M6,C2-M6,C2,8-7-22,Summer,Mouth,Bloat,Yes,830,0,0.378787878787879,0,0,0,0,0.0454545454545455,0,0.303030303030303,0
C2-R6,C2-R6,C2,8-7-22,Summer,Rectum,Bloat,Yes,830,0,0.22266929201267,0,0.00736238335758925,0.0588134577519048,0,0.00930285649059727,0.22612219273464,0.264532146220358,0
C2-SK6,C2-SK6,C2,8-7-22,Summer,Skin,Bloat,Yes,830,0.00144889357218124,0.0833443097997893,0.0455084299262381,0.24515937829294,0.0434009483667018,0,0.0375724446786091,0.0782073234984194,0.0807099578503688,0
C3-M6,C3-M6,C3,8-7-22,Summer,Mouth,Bloat,Yes,830,0.00282844845255175,0.509243697478992,0.00327936052469768,0.000245952039352326,0.00364828858372617,0,0.0108628817380611,0.0440254150440664,0.153310104529617,0
C3-R6,C3-R6,C3,8-7-22,Summer,Rectum,Bloat,Yes,830,0,0.0154859717541933,0.0138578622543637,0.00814054749914808,0.0399076142516376,0,0.167581689447579,0.00318049297641134,0.0267691492181288,0
C3-SK6,C3-SK6,C3,8-7-22,Summer,Skin,Bloat,Yes,830,0,0.348201373825018,0.019703543022415,0.0953994938539407,0.015997830802603,0,0.119667389732466,0.0287418655097614,0.0596077368040492,0
C4-M6,C4-M6,C4,8-7-22,Summer,Mouth,Bloat,Yes,830,0.0452045559379768,0.327892701273818,0.000425788595962105,0.000709647659936841,0.00599652272646631,0,0.0962282226874357,0.0311180498882305,0.190185572863073,0
C4-R6,C4-R6,C4,8-7-22,Summer,Rectum,Bloat,Yes,830,0,0.442624683009298,0.00239504085657932,0.00567061143984221,0.0442025922795154,0,0.0156734291349676,0.171386306001691,0.143103691180614,0
C4-SK6,C4-SK6,C4,8-7-22,Summer,Skin,Bloat,Yes,830,0.0005871645822324,0.22453173624567,0.00184956843403206,0.456021372790793,0.000998179789795079,0,0.0315307380658799,0.0529916035464741,0.0753038576713053,0
C5-M6,C5-M6,C5,8-7-22,Summer,Mouth,Bloat,Yes,830,0.0035678391959799,0.432562814070352,0,0.000301507537688442,0.0151758793969849,0,0.0935678391959799,0.0263316582914573,0.155125628140704,0
C5-R6,C5-R6,C5,8-7-22,Summer,Rectum,Bloat,Yes,830,0,0.266613324349364,0.00223195485555462,0.0177293017771414,0.0662006232628653,0,0.0235829192285016,0.0765181504253348,0.159058367725091,0
C5-SK6,C5-SK6,C5,8-7-22,Summer,Skin,Bloat,Yes,830,0,0.256223014286128,0.00672288388536324,0.422295633023269,0.000666492798979976,0,0.0122576719116752,0.0629401025819352,0.0561592628010084,0
C6-M6,C6-M6,C6,8-7-22,Summer,Mouth,Bloat,Yes,830,0.0134930260764099,0.336618152415605,0.000909642207398423,0.015261774813018,0.00848999393571862,0,0.0178896300788357,0.0339094400646857,0.287649080250657,0
C6-R6,C6-R6,C6,8-7-22,Summer,Rectum,Bloat,Yes,830,0,0.124243723500548,0.024915439950455,0.00543089895669573,0.232432947453671,0,0.0532609213472441,0.0474965461388214,0.00709828021533038,0
C6-SK6,C6-SK6,C6,8-7-22,Summer,Skin,Bloat,Yes,830,0,0.0786909817636772,0,0.537097177117162,0.0033030782468704,0,0.00405251616842923,0.0257029450134621,0.0454936575346268,0
C1-M8,C1-M8,C1,8-8-22,Summer,Mouth,Active,Yes,1177,0.0355281661014145,0.477086607659856,0,0.0222102738026305,0,0,0.00198527587062619,0.00624534700967822,0.0270080238233104,0.0634874679460667
C1-R8,C1-R8,C1,8-8-22,Summer,Rectum,Active,Yes,1177,0,0.66,0,0,0,0,0,0,0.2,0
C1-SK8,C1-SK8,C1,8-8-22,Summer,Skin,Active,Yes,1177,0.0233092580433355,0.49600071628962,0,0.0209216259774369,0.00367098430131917,0,0.0432161403927655,0.0206530173700233,0.0325016414970453,0.0770608249268788
C2-M8,C2-M8,C2,8-8-22,Summer,Mouth,Active,Yes,1177,0.0247095235679131,0.294941397331168,0.000304429448475316,0.045258511339997,0.00202952965650211,0,0.00644375665939419,0.0116190572834746,0.122583591252727,0.0508904561367903
C2-R8,C2-R8,C2,8-8-22,Summer,Rectum,Active,Yes,1177,0.0333166957823808,0.402545545295732,0.000415938773812495,0.115215040346061,0.021836785625156,0,0.0696281507362116,0.0309458447716496,0.0735795690874303,0.0082355877214874
C2-SK8,C2-SK8,C2,8-8-22,Summer,Skin,Active,Yes,1177,0.0174265094173561,0.388546617379569,0,0.0574429384498034,0.0099160945842868,0,0.026697177726926,0.0221205186880244,0.0912984803144986,0.0225312444992079
C3-M8,C3-M8,C3,8-8-22,Summer,Mouth,Active,Yes,1177,0.0180936392464093,0.41197004823194,0,0.0197724305166946,0,0,0.0108455245556533,0.00722146721027527,0.0873770884962827,0.0334425880033043
C3-R8,C3-R8,C3,8-8-22,Summer,Rectum,Active,Yes,1177,0.0117110936887495,0.659594276754214,0,0.00935907487259898,0.00396903175225402,0,0.0339572716581733,0.0123480987847903,0.0574774598196786,0.0110250882007056
C3-SK8,C3-SK8,C3,8-8-22,Summer,Skin,Active,Yes,1177,0.0243083436747208,0.389006496824586,0.00065698226147894,0.0552960070078108,0.00558434922257099,0,0.058252427184466,0.0140156215782174,0.049784655814293,0.0248193298780933
C4-M8,C4-M8,C4,8-8-22,Summer,Mouth,Active,Yes,1177,0.0295782621001981,0.480281158599868,0,0.0175959996226059,0,0,0.00570808566845929,0.00707613925842061,0.0340126427021417,0.0682139824511746
C4-R8,C4-R8,C4,8-8-22,Summer,Rectum,Active,Yes,1177,0.0197034724931721,0.418259851736247,0,0.0282871634802965,0.000780335544284042,0,0.0180777734425803,0.0115099492781896,0.102874235921446,0.0983222785797893
C4-SK8,C4-SK8,C4,8-8-22,Summer,Skin,Active,Yes,1177,0,0.82,0,0.0266666666666667,0,0,0,0,0,0
C5-M8,C5-M8,C5,8-8-22,Summer,Mouth,Active,Yes,1177,0.0167353132451767,0.680728376327769,0,0.00927812703230002,0.000563624539345328,0,0.0381964014740949,0.00502926512031216,0.0640364188163885,0.0185562540646
C5-R8,C5-R8,C5,8-8-22,Summer,Rectum,Active,Yes,1177,0.0642932049799672,0.346742316276318,0,0.00112936621043857,0.00231251176423136,0,0.02594853316841,0.00873914329506037,0.0256796364516389,0.0344725590900535
C5-SK8,C5-SK8,C5,8-8-22,Summer,Skin,Active,Yes,1177,0.0130649336641139,0.467236544062129,0.000552799050803581,0.0868838313019092,0.0012673929457448,0,0.0318466184877575,0.00509653759033545,0.029716319706612,0.0650010786322942
C6-M8,C6-M8,C6,8-8-22,Summer,Mouth,Active,Yes,1177,0.0208653933194532,0.353851724450077,0,0.0402371684620259,0.00108626776500407,0,0.00923327600253463,0.0111342445912918,0.0416855254820313,0.0358468362451344
C6-R8,C6-R8,C6,8-8-22,Summer,Rectum,Active,Yes,1177,0,0.451612903225806,0,0,0,0,0,0,0,0.419354838709677
C6-SK8,C6-SK8,C6,8-8-22,Summer,Skin,Active,Yes,1177,0.0357431838170624,0.436833773087071,0,0.020650835532102,0.00098504837291117,0,0.00939313984168865,0.00460861917326297,0.00883025505716799,0.231204925241865
C1-R10,C1-R10,C1,8-9-22,Summer,Rectum,Advanced,Yes,1427,0.0102210601378655,0.394738927184851,0,0.0465097852785041,0,0,0.00475398145947231,0.00554631170271769,0.0187782267649156,0.0726566833056018
C1-SK10,C1-SK10,C1,8-9-22,Summer,Skin,Advanced,Yes,1427,0.0234501683921666,0.54833478857428,0,0.0117250841960833,0,0,0.0128476986403892,0.00592490956716976,0.0455906199326431,0.0583135836347761
C2-R10,C2-R10,C2,8-9-22,Summer,Rectum,Advanced,Yes,1427,0.00782148608235565,0.354405337014033,0,0.0401656314699793,0.00257648953301127,0,0.00529100529100529,0.00772946859903382,0.0466528640441684,0.112261329652634
C3-M10,C3-M10,C3,8-9-22,Summer,Mouth,Advanced,Yes,1427,0.0333821961620469,0.287080223880597,0,0.0193563432835821,0,0,0.0147254797441365,0.00583022388059702,0.0157915778251599,0.200892857142857
C3-R10,C3-R10,C3,8-9-22,Summer,Rectum,Advanced,Yes,1427,0,0.63,0,0.05,0,0,0,0,0.04,0.18
C3-SK10,C3-SK10,C3,8-9-22,Summer,Skin,Advanced,Yes,1427,0.0171788140827671,0.373957689932057,0,0.0220043236565781,0.000424644842495368,0,0.0232396541074738,0.00625386040765905,0.0152486102532427,0.227995676343422
C4-M10,C4-M10,C4,8-9-22,Summer,Mouth,Advanced,Yes,1427,0.0356937455068296,0.313299784327822,0,0.053450754852624,0,0.0304816678648454,0.00848310567936736,0.00517613227893602,0.0207045291157441,0.141624730409777
C4-R10,C4-R10,C4,8-9-22,Summer,Rectum,Advanced,Yes,1427,0.0432119624904959,0.39549716989102,0.000168961730168117,0.0203176480527161,0,0,0.014403987496832,0.00764551829010729,0.047689448339951,0.130269493959618
C4-SK10,C4-SK10,C4,8-9-22,Summer,Skin,Advanced,Yes,1427,0.0377274385054909,0.518174818657049,0.000648377031243668,0.0177087976658427,0,0,0.0562467074603882,0.0224905782712647,0.028893301454796,0.117761478299631
C5-M10,C5-M10,C5,8-9-22,Summer,Mouth,Advanced,Yes,1427,0.0254598969830758,0.637454010301692,0,0.0203826342899191,0,0,0.0247976453274467,0.00551876379690949,0.0129506990434143,0.0616629874908021
C5-R10,C5-R10,C5,8-9-22,Summer,Rectum,Advanced,Yes,1427,0.0197793837961202,0.738412215399663,0,0.00364071075368147,0,0,0.0197793837961202,0.00543389664728577,0.019072977231973,0.0443949356083247
C6-R10,C6-R10,C6,8-9-22,Summer,Rectum,Advanced,Yes,1427,0.019940013330371,0.376416351921795,0,0.03721395245501,0.00183292601644079,0,0.00883137080648745,0.00810930904243501,0.0246611864030216,0.118973561430793
C6-SK10,C6-SK10,C6,8-9-22,Summer,Skin,Advanced,Yes,1427,0.0485086965147808,0.392467429402817,0,0.0150783678328153,0.000826664903114873,0,0.0110773097017393,0.00449705707294491,0.00694398518616494,0.172442298789763
C1-R12,C1-R12,C1,8-10-22,Summer,Rectum,Advanced,Yes,1652,0.0128541280296732,0.321161348084671,0,0.0440621602609196,0,0,0.0033254460574279,0.00479631642898254,0.0225746626590778,0.0765492102065614
C2-M12,C2-M12,C2,8-10-22,Summer,Mouth,Advanced,Yes,1652,0.0376725629347174,0.324047593828337,0,0.0334710306111641,0.00017653497157787,0.00543727712459838,0.00593157504501642,0.00441337428944674,0.0302934011227624,0.157575115630406
C2-R12,C2-R12,C2,8-10-22,Summer,Rectum,Advanced,Yes,1652,0.0109223300970874,0.169768069039914,0,0.048071736785329,0.00101132686084142,0.00431499460625674,0.00134843581445523,0.00465210355987055,0.0242718446601942,0.206850053937433
C3-R12,C3-R12,C3,8-10-22,Summer,Rectum,Advanced,Yes,1652,0.0160488323445698,0.166523781763314,0,0.0297314906896197,0,0.00977332738932135,0.00510956414389081,0.00229758924591063,0.0146085525187751,0.23809197215459
C3-SK12,C3-SK12,C3,8-10-22,Summer,Skin,Advanced,Yes,1652,0.0297274195080255,0.260043688859341,0,0.0212270870927913,0.000332415234115301,0.001424636717637,0.00546110741760851,0.0016145882799886,0.00593598632348751,0.268923924399278
C4-R12,C4-R12,C4,8-10-22,Summer,Rectum,Advanced,Yes,1652,0.0325771988877506,0.214049465827601,0,0.0250256110054149,0,0.000204888043319186,0.00324893897263281,0.00225376847651105,0.0465095858334553,0.14643641153227
C6-SK12,C6-SK12,C6,8-10-22,Summer,Skin,Advanced,Yes,1652,0.0154346737860838,0.253086934757217,0,0.0260303687635575,0,0.047138328049391,0.00412981812114133,0.00342065743367262,0.00538127815785083,0.192557984315034
C1-M14,C1-M14,C1,8-11-22,Summer,Mouth,Dry,Yes,1948,0.0218796618597713,0.200474314348009,0.000726771984852542,0.060092567800176,0.000612018513560035,0.0017595532264851,0.00680870596335539,0.00979229621696056,0.0514478062961405,0.0770760815514669
C1-R14,C1-R14,C1,8-11-22,Summer,Rectum,Dry,Yes,1948,0,0.538461538461538,0,0.461538461538462,0,0,0,0,0,0
C1-SK14,C1-SK14,C1,8-11-22,Summer,Skin,Dry,Yes,1948,0.0359027697523017,0.291729265380022,0,0.0226125813783274,0,0.00485380792788628,0.00369813937362764,0.00123271312454255,0.0283138795793366,0.0604414653877268
C2-M14,C2-M14,C2,8-11-22,Summer,Mouth,Dry,Yes,1948,0.0218597857838364,0.0844206426484908,0,0.0405550146056475,0.000389483933787731,0.0860272638753651,0.00394352482960078,0.00321324245374878,0.0144109055501461,0.0606134371957157
C3-R14,C3-R14,C3,8-11-22,Summer,Rectum,Dry,Yes,1948,0.0287079539468734,0.210098577771089,0,0.0377003536759726,0,0.0135074121453834,0.0121905335239672,0.00255850703589435,0.00887952441869215,0.174806230717134
C4-R14,C4-R14,C4,8-11-22,Summer,Rectum,Dry,Yes,1948,0.0470873188554538,0.15739562379408,0,0.0286547066792561,0,0.00299683895069584,0.00135473541606798,0.00151894576953077,0.0449115316720719,0.0956525308920727
C5-M14,C5-M14,C5,8-11-22,Summer,Mouth,Dry,Yes,1948,0.0111181886617639,0.493659158028838,0,0.0495106838844172,0,0.00405350628293474,0.0173142625513927,0.00312699056112108,0.0093230644507499,0.140309224622155
C5-R14,C5-R14,C5,8-11-22,Summer,Rectum,Dry,Yes,1948,0,0,0,0,0,0,0,0,0,0
C6-R14,C6-R14,C6,8-11-22,Summer,Rectum,Dry,Yes,1948,0.0264745308310992,0.206685656836461,0,0.0213639410187668,0,0.0723860589812333,0.00301608579088472,0.00427278820375335,0.00611595174262735,0.107489946380697
C19-M14,C19-M14,C19,5/21/23,Spring,Mouth,Fresh,,576,0,0.446427655536749,0.000205159768169462,0.00266707698620301,0.0999640970405703,0,0.00902702979945633,0.0458532081858748,0.0870390316458942,0
C19-S14,C19-S14,C19,5/21/23,Spring,Skin,Fresh,,576,0,0.0567756378092555,0.0206105986336794,0.120382878536416,0.215253386853989,0,0.0422633061870393,0.169130418001467,0.00455440194526998,0
C19-A14,C19-A14,C19,5/21/23,Spring,Rectum,Fresh,,576,0,0,0.175746597928568,0.00111467186846872,0.425618875110306,0,0.102828479866239,0,0,0
C20-S14,C20-S14,C20,5/21/23,Spring,Skin,Fresh,,576,0.000329191013085343,0.145584725536993,0.0145667023290264,0.0993333881985022,0.297424080322607,0,0.0367870957122871,0.0447699777796066,0.00403258991029545,0.000905275285984693
C20-A14,C20-A14,C20,5/21/23,Spring,Rectum,Fresh,,576,0,0.0022169597420265,0.0867133571824457,0,0.245074822391293,0,0.0441880384944828,0.00634856653398499,0,0
C20-M14,C20-M14,C20,5/21/23,Spring,Mouth,Fresh,,576,0,0.118986901588038,0.0569143387040686,0.00127506665121131,0.463718558015533,0,0.0150689695143155,0.0133881998377188,0.000637533325605657,0
C21-S20_P1-G01,C21-S20_P1-G01,C21,5/24/23,Spring,Skin,Active,,1062,0,0.175849122500655,0.00515148869291889,0.0776215838644897,0.310922902296342,0,0.0371081812625513,0.013882825460578,0.0167641665939055,0
C21-M20_P1-H01,C21-M20_P1-H01,C21,5/24/23,Spring,Mouth,Active,,1062,0.0251723104584957,0.387848366796524,0,0.0808360803116572,0.00966436919388673,0,0.00239736290080911,0.00247228049145939,0.0952202577165118,0
C21-A20_P1-A02,C21-A20_P1-A02,C21,5/24/23,Spring,Rectum,Active,,1062,0,0.00790982796124184,0.0174510579394898,0,0.749950563575242,0,0.077318568321139,0.00271900336167688,0,0
C17-S22,C17-S22,C17,5/25/23,Spring,Skin,Active,,1105,0.00535438067663507,0.226073850791258,0.00376789751318764,0.12810851544838,0.144964899060009,0,0.018165232221473,0.0137230793638203,0.0108277475905287,0.00920160234799508
C17-A22,C17-A22,C17,5/25/23,Spring,Rectum,Active,,1105,0,0.00022189349112426,0.173150887573964,0.00022189349112426,0.404585798816568,0,0.0188609467455621,0,0,0
C17-M22,C17-M22,C17,5/25/23,Spring,Mouth,Active,,1105,0.0321902227563415,0.515215245289497,0.0040345079187948,0.00716768960041203,0.0809906004549552,0,0.0109446757371561,0.0136915747456972,0.0151079445469763,0.00231769603845659
C16-S22,C16-S22,C16,5/25/23,Spring,Skin,Active,,1105,0.000270489586150933,0.0266432242358669,0,0.379699756559372,0.047403299972951,0,0.0034487422234244,0.00845279956721666,0.00270489586150933,0
C16-M22,C16-M22,C16,5/25/23,Spring,Mouth,Active,,1105,0.0179836044465428,0.455083909180652,0.000557963861109919,0.0682861925404524,0.00755397227348813,0,0,0.00274689900854114,0.0184986480106442,0
C16-A22,C16-A22,C16,5/25/23,Spring,Rectum,Active,,1105,0,0.0400195747920178,0.0474144962209777,0.0116905007884291,0.373334783317927,0,0.092599641128813,0.00543744222717634,0.007123049317601,0
C21-S24,C21-S24,C21,5/26/23,Spring,Skin,Advanced,,1185,0.00287029247290543,0.423120700747266,0.00118770723016776,0.0578512396694215,0.113525016083535,0,0.00984807245014104,0.0166773890236057,0.0399366556143911,0.000247439006284951
C21-A24,C21-A24,C21,5/26/23,Spring,Rectum,Advanced,,1185,0.000152524276780721,0.758198179876964,0,0.000355889979155015,0.0811429152473435,0,0.00284711983324012,0.00696527530631959,0.0228278000915146,0
C21-M24,C21-M24,C21,5/26/23,Spring,Mouth,Advanced,,1185,0.00838156980782589,0.320074091224821,0.00162074554294976,0.0403334105116925,0.0473720768696458,0,0.00236165779115536,0.00833526279231304,0.0653855059041445,0
C17-S24,C17-S24,C17,5/26/23,Spring,Skin,Advanced,,1185,0.00127044624424329,0.111481657932349,0.00206447514689535,0.237573447673495,0.144672066063205,0,0.00778148324599015,0.0084167063681118,0.00301730983007781,0.00206447514689535
C17-A24,C17-A24,C17,5/26/23,Spring,Rectum,Advanced,,1185,0.000383498602969375,0.0107379608831425,0.141839697583959,0.000712211691228839,0.504410233934148,0,0.0178600777954309,0,0,0.000876568235358571
C17-M24,C17-M24,C17,5/26/23,Spring,Mouth,Advanced,,1185,0.0149001628762744,0.521867647945949,0,0.00108584182904024,0.0255776075285033,0,0.00217168365808047,0.0124871810339627,0.00723894552693491,0.0118839355733848
C21-A22,C21-A22,C21,5/25/23,Spring,Rectum,Active,,1105,0,0.00207785858338935,0.0268288211208214,0,0.877161889629041,0,0.0443072786163906,0.00085558882845444,0,0
C21-S22,C21-S22,C21,5/25/23,Spring,Skin,Active,,1105,0.00207928097122543,0.254812529344691,0.00167683949292374,0.129317861694279,0.132939834998994,0,0.0160305855523509,0.0153598497551814,0.0183781608424442,0
C21-M22,C21-M22,C21,5/25/23,Spring,Mouth,Active,,1105,0.0442362294151051,0.355082339579784,0,0.0346394094264622,0.0500283929585463,0,0.00477001703577513,0.00982396365701306,0.0461669505962521,0
C20-M22,C20-M22,C20,5/25/23,Spring,Mouth,Active,,1105,0.00832116788321168,0.23956204379562,0,0.00399026763990268,0.065352798053528,0,0.0148418491484185,0.00788321167883212,0.0398540145985401,0.00447688564476886
C20-S22,C20-S22,C20,5/25/23,Spring,Skin,Active,,1105,0.000659060015652675,0.323639658936442,0,0.00111216377641389,0.220579148988755,0,0.120237261605635,0.00704370391728797,0.00930922272109404,0.00836182394859332
C20-A22,C20-A22,C20,5/25/23,Spring,Rectum,Active,,1105,0,0.361050328227571,0,0,0.152973940720111,0,0.065247662621842,0.00984682713347921,0.0126317883429481,0.00527153371792321
C16-S24,C16-S24,C16,5/26/23,Spring,Skin,Advanced,,1185,0,0.04594305826158,0,0.300043994720634,0.0664320281566212,0,0.0020111872289611,0.00597071208597825,0.00314248004525171,0
C16-A24,C16-A24,C16,5/26/23,Spring,Rectum,Advanced,,1185,0.0011796800117968,0.192656491926565,0.0068568900685689,0.110742461107425,0.234535132345351,0,0.0236673302366733,0.0087738700877387,0.0299343802993438,0
C16-M24,C16-M24,C16,5/26/23,Spring,Mouth,Advanced,,1185,0.104283917102562,0.508309607362776,0.00211878434748063,0.0115208898894259,0.00562802092299543,0,0.000662120108587698,0.00463484076011388,0.0335694895053963,0
C18-S6,C18-S6,C18,5/17/23,Spring,Skin,Fresh,,255,0,0.00217477263740609,0.0085013839462238,0.773082245947015,0.0166073546856465,0,0.00410241202056149,0.000840253064452353,0,0
C18-A6,C18-A6,C18,5/17/23,Spring,Rectum,Fresh,,255,0,0,0.0561785976312755,0,0.208049470705377,0,0.0786081123571953,0,0,0
C18-M6,C18-M6,C18,5/17/23,Spring,Mouth,Fresh,,255,0,0,0.119471193079811,0.177901093520483,0.457646482781133,0,0.0685490452097274,0,0,0
C21-M16,C21-M16,C21,5/22/23,Spring,Mouth,Bloat,,734,0.00027753108348135,0.0952486678507993,0.0110457371225577,0.00088809946714032,0.200488454706927,0,0.00177619893428064,0.0159857904085258,0.00088809946714032,0
C21-A16,C21-A16,C21,5/22/23,Spring,Rectum,Bloat,,734,0,0,0.0250650271931899,0,0.909316623315205,0,0.0420903286829038,0,0,0
C16-A16,C16-A16,C16,5/22/23,Spring,Rectum,Bloat,,734,0,0.00167368846309228,0.0372828533502626,0.041784498182028,0.2850464592832,0,0.0536734576095112,0.0137935014716916,0.000461707162232354,0
C16-M16,C16-M16,C16,5/22/23,Spring,Mouth,Bloat,,734,0.00869155453165087,0.0242944656788314,0.00387454840567569,0.0379077438609351,0.119116184093408,0,0,0.0205769935598722,0.000523587622388607,0
C16-S16,C16-S16,C16,5/22/23,Spring,Skin,Bloat,,734,0,0.0894407429840501,0.00454270139309509,0.32404603270745,0.128709872804361,0,0.0277609529578034,0.0530991318392893,0.00343226327478296,0
C17-S16,C17-S16,C17,5/22/23,Spring,Skin,Bloat,,734,0.00538008734730046,0.230457623900247,0.00221533008418254,0.0946262421672258,0.155009810747516,0,0.0123425533261599,0.0546237103614153,0.00835495917463131,0
C17-M16,C17-M16,C17,5/22/23,Spring,Mouth,Bloat,,734,0.00995457620566348,0.298733932540833,0.0091814052382333,0,0.247221416835798,0,0.0130472600753842,0.0698753261815019,0.0127573209625979,0
C17-A16,C17-A16,C17,5/22/23,Spring,Rectum,Bloat,,734,0,0.000609830467130138,0.103793145505549,0,0.418953530918405,0,0.0168313208927918,0,0,0
C20-M6,C20-M6,C20,5/17/23,Spring,Mouth,Fresh,,255,0,0,0.14210589219553,0.0872475200191227,0.522170431456914,0,0.0161348153460022,0.00167324010995578,0,0
C20-S6,C20-S6,C20,5/17/23,Spring,Skin,Fresh,,255,0,0.000505382321726386,0.00899580532672967,0.534138575832617,0.0126345580431597,0,0.00737858189720524,0.000404305857381109,0,0.000505382321726386
C20-A6,C20-A6,C20,5/17/23,Spring,Rectum,Fresh,,255,0,0,0.179308013073369,0.149892933618844,0.319621323115068,0,0.0324580187084413,0,0,0
C16-S6,C16-S6,C16,5/17/23,Spring,Skin,Fresh,,255,0,0.00182220486789015,0.0149247255846241,0.592823983686928,0.0472905549047681,0,0.0435159876784242,0,0,0
C16-A6,C16-A6,C16,5/17/23,Spring,Rectum,Fresh,,255,0,0,0.140022569117924,0.336750047018996,0.0512507052849351,0,0.344179048335528,0,0,0
C16-M6,C16-M6,C16,5/17/23,Spring,Mouth,Fresh,,255,0,0,0.0841836734693878,0.266941391941392,0.250392464678179,0,0.0724097331240188,0,0,0
C17-S6,C17-S6,C17,5/17/23,Spring,Skin,Fresh,,255,0,0.00065603883749918,0.00741323886374073,0.209735616348488,0.0221085088237224,0,0.00498589516499377,0,0,0
C17-A6,C17-A6,C17,5/17/23,Spring,Rectum,Fresh,,255,0,0,0.33295946162474,0.224483255888479,0.241948405704214,0,0.0594456016663996,0,0,0
C19-S10,C19-S10,C19,5/19/23,Spring,Skin,Fresh,,407,0,0.0495853924114247,0.00494178741938186,0.00544434207220035,0.394086606918502,0,0.11114833738169,0.0343412346092638,0,0
C19-M10,C19-M10,C19,5/19/23,Spring,Mouth,Fresh,,407,0,0.00322720485525745,0.0449881990270218,0.161408409999518,0.418043446847454,0,0.0906507393670825,0.0201820721545205,0,0
C19-A10,C19-A10,C19,5/19/23,Spring,Rectum,Fresh,,407,0,0,0.0606447124304267,0,0.594735621521336,0,0.181122448979592,0,0,0
C21-S10,C21-S10,C21,5/19/23,Spring,Skin,Fresh,,407,0,0.00287373174593865,0.0853908861650343,0.112134185678259,0.410005278282799,0,0.0769456336871738,0.00844525247786054,0,0
C21-A10,C21-A10,C21,5/19/23,Spring,Rectum,Fresh,,407,0,0,0.00315457413249211,0.00130534102034156,0.871423909496356,0,0.035896878059393,0,0,0
C21-M10,C21-M10,C21,5/19/23,Spring,Mouth,Fresh,,407,0,0.00436106311198881,0.0165391261416934,0.0105323788365013,0.413889574590636,0,0.0106146630461614,0.0058421788858718,0,0
C17-M10,C17-M10,C17,5/19/23,Spring,Mouth,Fresh,,407,0,0.035092362250569,0.00830995606838512,0.0142380775948764,0.483671200973906,0,0.0237124861059652,0.149896787169851,0,0
C17-A10,C17-A10,C17,5/19/23,Spring,Rectum,Fresh,,407,0,0,0.22719931086465,0.00107677398514052,0.335522773769786,0,0.111984494454614,0,0,0
C20-A12,C20-A12,C20,5/20/23,Spring,Rectum,Fresh,,486,0,0,0.0350123509827086,0,0.460745354956503,0,0.171624959725056,0,0,0
C20-M12,C20-M12,C20,5/20/23,Spring,Mouth,Fresh,,486,0,0.0368520518358531,0.00843682505399568,0.00499460043196544,0.480629049676026,0,0.0209908207343413,0.0612850971922246,0,0
C17-A12,C17-A12,C17,5/20/23,Spring,Rectum,Fresh,,486,0,0,0.0691020771033702,0.0130930251353754,0.422452113472885,0,0.0303079285541098,0,0,0
C17-S12,C17-S12,C17,5/20/23,Spring,Skin,Fresh,,486,0,0.00370619946091644,0.0142351752021563,0.0253537735849057,0.324966307277628,0,0.0448955525606469,0.0341981132075472,0,0
C18-A10,C18-A10,C18,5/19/23,Spring,Rectum,Fresh,,407,0,0,0.0513130499026127,0,0.343945194438847,0,0.133722882665055,0,0,0
C18-M10,C18-M10,C18,5/19/23,Spring,Mouth,Fresh,,407,0,0.00799723552352273,0.0494150170311497,0.00286320778002666,0.509453522239226,0,0.0778496322258972,0.042059534975564,0.000691119119316779,0
C17-S10,C17-S10,C17,5/19/23,Spring,Skin,Fresh,,407,0,0.0301428410752446,0.00963521163723616,0.0460765568177558,0.231470025868856,0,0.048288531473775,0.139016983466427,0,0
C18-S10,C18-S10,C18,5/19/23,Spring,Skin,Fresh,,407,0,0.00390442643126936,0.0151084327123032,0.390527521962399,0.311802402071044,0,0.0450706616305224,0.0163816152442389,0,0
C16-S10,C16-S10,C16,5/19/23,Spring,Skin,Fresh,,407,0,0.00236102167847177,0.0100880017171067,0.374758531873793,0.11676325391715,0,0.268941833011376,0.0236102167847177,0,0
C16-M10,C16-M10,C16,5/19/23,Spring,Mouth,Fresh,,407,0,0.00112789021868538,0.0431104705808635,0.0422958832007018,0.523842346011655,0,0.0203646845040416,0.0250642270818974,0,0
C16-A10,C16-A10,C16,5/19/23,Spring,Rectum,Fresh,,407,0,0,0.0718980021030494,0.011369610935857,0.331427444794953,0,0.197752365930599,0,0,0
C20-S10,C20-S10,C20,5/19/23,Spring,Skin,Fresh,,407,0,0.0022835583796664,0.0438840349483717,0.150714853057983,0.360702938840349,0,0.116064336775218,0.005659253375695,0,0
C20-A10,C20-A10,C20,5/19/23,Spring,Rectum,Fresh,,407,0,0,0.028035959165016,0,0.391132104220631,0,0.102849306719488,0,0,0
C20-M10,C20-M10,C20,5/19/23,Spring,Mouth,Fresh,,407,0,0.00378707062086623,0.0711009174311927,0.00112011947941114,0.552005547258374,0,0.0738212075954768,0.0144548751866866,0,0
C21-A12,C21-A12,C21,5/20/23,Spring,Rectum,Fresh,,486,0,0,0.0368604844520814,0,0.784768028379802,0,0.12793082423369,0,0,0
C20-S12,C20-S12,C20,5/20/23,Spring,Skin,Fresh,,486,0.00290697674418605,0.0281353820598007,0.0152616279069767,0.0840427740863787,0.235205564784053,0,0.0534676079734219,0.0880917774086379,0,0
C17-M12,C17-M12,C17,5/20/23,Spring,Mouth,Fresh,,486,0.0246697958738129,0.130771749808973,0,0.0290361314267001,0.0748826547320161,0,0,0.165702434232071,0.00152821744351053,0
C21-M12,C21-M12,C21,5/20/23,Spring,Mouth,Fresh,,486,0,0.00197535105423627,0.00244771761068407,0.00764374973160991,0.183235281487525,0,0.00128827242667583,0.0152016146347748,0,0
C21-S12,C21-S12,C21,5/20/23,Spring,Skin,Fresh,,486,0.000220738369847139,0.00193146073616246,0.0169968544782297,0.149329507201589,0.268804149881353,0,0.0561779151260968,0.0327796479223001,0,0
C16-S12,C16-S12,C16,5/20/23,Spring,Skin,Fresh,,486,0,0.00104171833920333,0.183689667146188,0.309638374919391,0.120045637184384,0,0.0919688476610943,0.0322932685153033,0,0
C16-M12,C16-M12,C16,5/20/23,Spring,Mouth,Fresh,,486,0,0.00746368119418899,0,0.256430761028922,0.194455551112888,0,0.00546448087431694,0.0943622550979608,0,0
C16-A12,C16-A12,C16,5/20/23,Spring,Rectum,Fresh,,486,0,0,0.0418575063613232,0.0681933842239186,0.261068702290076,0,0.11323155216285,0.00229007633587786,0,0
C19-S12,C19-S12,C19,5/20/23,Spring,Skin,Fresh,,486,0,0.0135094790267204,0.0100761307657859,0.0558292282430213,0.58307210031348,0,0.117704134945514,0.0464994775339603,0.000223914017017465,0
C19-A12,C19-A12,C19,5/20/23,Spring,Rectum,Fresh,,486,0,0,0.134498480243161,0.00146547980894485,0.562201476335215,0,0.0721884498480243,0,0,0
C19-M12,C19-M12,C19,5/20/23,Spring,Mouth,Fresh,,486,0,0.189449512023984,0,0.0322765835300121,0.115710914077949,0,0.00548574344581234,0.0918543088601135,0.149773553613574,0
C21-S6,C21-S6,C21,5/17/23,Spring,Skin,Fresh,,255,0,0.00663974262440961,0.00684509548908207,0.650215620507906,0.0339516736258471,0,0.00855636936135259,0.00184817578205216,0.00574988021082894,0
C21-M6,C21-M6,C21,5/17/23,Spring,Mouth,Fresh,,255,0,0,0.102771826459561,0.139595607927156,0.577798607391537,0,0.00374933047670059,0,0,0
C17-M6,C17-M6,C17,5/17/23,Spring,Mouth,Fresh,,255,0,0.00187828700225394,0.062466459160674,0.287699903402383,0.130889771385639,0,0.0679403241386713,0.00885478158205431,0,0
C19-A6,C19-A6,C19,5/17/23,Spring,Rectum,Fresh,,255,0,0,0.148827726809378,0.0665501674675987,0.243701762050386,0,0.168705402650357,0,0,0
C19-M6,C19-M6,C19,5/17/23,Spring,Mouth,Fresh,,255,0,0,0.0275064267352185,0.077892030848329,0.328856041131105,0,0.0927377892030848,0.00096401028277635,0,0
C19-S6,C19-S6,C19,5/17/23,Spring,Skin,Fresh,,255,0,0.00124215887211974,0.00931619154089808,0.626731258928017,0.0360847152350786,0,0.033910937208869,0,0.000931619154089808,0
C18-S16,C18-S16,C18,5/22/23,Spring,Skin,Bloat,,734,0.00203775846568774,0.261971830985915,0.00940964938567576,0.0288282888822295,0.160383578064129,0,0.0186994306263111,0.107042253521127,0.0284686844471082,0
C18-A16,C18-A16,C18,5/22/23,Spring,Rectum,Bloat,,734,0,0.000613083195389614,0.0701980258721108,0,0.455336889215867,0,0.0486174973943964,0,0,0
C18-M16,C18-M16,C18,5/22/23,Spring,Mouth,Bloat,,734,0,0.427266984436915,0.0055705507379544,0.000861425371848619,0.22873715040487,0,0.00396255671050365,0.018319646241314,0.0322173089071383,0
C20-S24,C20-S24,C20,5/26/23,Spring,Skin,Advanced,,1185,0.000221533008418254,0.435607738886427,0.00251070742874022,0.0226702111948014,0.105597400679368,0,0.0161719096145326,0.00191995273962487,0.00635061290798996,0.101683650863979
C20-M24,C20-M24,C20,5/26/23,Spring,Mouth,Advanced,,1185,0.000505369551484523,0.344219835754896,0,0.00612760581174984,0.130322173089071,0,0.0310802274162982,0.00663297536323437,0.00530638029058749,0.0732154137713203
C21-S14,C21-S14,C21,5/21/23,Spring,Skin,Fresh,,576,0.00031936127744511,0.0264271457085828,0.00694610778443114,0.13812375249501,0.281437125748503,0,0.0620359281437126,0.0361676646706587,0,0
C21-A14,C21-A14,C21,5/21/23,Spring,Rectum,Fresh,,576,0,0,0.0460820532762979,0,0.772311880225549,0,0.136155940112775,0.000194439043359907,0,0
C21-M14,C21-M14,C21,5/21/23,Spring,Mouth,Fresh,,576,0,0.00351516729592501,0.0196588985809139,0.00104153105064445,0.421754979820336,0,0.00338497591459445,0.0182918890769431,0,0
C18-M14,C18-M14,C18,5/21/23,Spring,Mouth,Fresh,,576,0,0.0657159155733029,0.0311466058185967,0.00239589275527667,0.518197375926982,0,0.0301197946377638,0.0338847689674843,0.00239589275527667,0
C18-S14,C18-S14,C18,5/21/23,Spring,Skin,Fresh,,576,0,0.115705235078359,0,0.140935867511393,0.240858063799044,0,0.021673891297099,0.212737579193064,0.00878070467933756,0.0111148160497944
C18-A14,C18-A14,C18,5/21/23,Spring,Rectum,Fresh,,576,0,0,0.0561692126909518,0,0.388366627497062,0,0.138660399529965,0,0,0
C17-S14,C17-S14,C17,5/21/23,Spring,Skin,Fresh,,576,0.0102669404517454,0.0771962928020423,0.00416227315611299,0.192796492591154,0.113546811698762,0,0.0130417892224874,0.0921249791886342,0.00227537599200844,0
C17-A14,C17-A14,C17,5/21/23,Spring,Rectum,Fresh,,576,0.000120098480754218,0.000300246201885546,0.103644988890891,0.00174142797093617,0.316819792229628,0,0.0468384074941452,0,0,0
C17-M14,C17-M14,C17,5/21/23,Spring,Mouth,Fresh,,576,0.0255398050122615,0.258029786470483,0.012381123272923,0.00442610203959567,0.278964052873976,0,0.0159100424666547,0.100783539685388,0.00257192415814343,0
C19-S16,C19-S16,C19,5/22/23,Spring,Skin,Bloat,,734,0.0067653009610521,0.169069296914517,0.00233940313606474,0.192273646939808,0.125063227111786,0,0.0238998482549317,0.029147698533131,0.0111911987860395,0
C19-M16,C19-M16,C19,5/22/23,Spring,Mouth,Bloat,,734,0.0013335967598538,0.198903487108565,0.00246962362935889,0.000296354835523066,0.0570976983107774,0,0.00558134940235108,0.0125456880371431,0.117899832065593,0
C19-A16,C19-A16,C19,5/22/23,Spring,Rectum,Bloat,,734,0,0,0.0714533773224518,0,0.501475950685883,0,0.0998437228685536,0,0,0
C20-S16,C20-S16,C20,5/22/23,Spring,Skin,Bloat,,734,0,0.180439794289768,0.00673878347224685,0.0690725305905302,0.203936868239049,0,0.0241177513743572,0.0718212449015783,0.0167582904770349,0
C20-M16,C20-M16,C20,5/22/23,Spring,Mouth,Bloat,,734,0,0.261563564131669,0.00915153234960272,0,0.408768444948922,0,0.0151106696935301,0.0120601589103292,0.00418558456299659,0
C20-A16,C20-A16,C20,5/22/23,Spring,Rectum,Bloat,,734,0,0,0.0644907932629374,0,0.449253861593507,0,0.0909328911772406,0.00165808534776158,0,0
C16-S14,C16-S14,C16,5/21/23,Spring,Skin,Fresh,,576,0.00115197893524233,0.0238624208014482,0.00567761046655147,0.276557228667819,0.119394388216901,0,0.0274006418168353,0.0600674730519213,0,0
C16-M14,C16-M14,C16,5/21/23,Spring,Mouth,Fresh,,576,0,0.0155905511811024,0.0121259842519685,0.0496587926509186,0.361154855643045,0,0.00866141732283465,0.0856167979002625,0,0
C16-A14,C16-A14,C16,5/21/23,Spring,Rectum,Fresh,,576,0,0.00066334991708126,0.03681592039801,0.0030514096185738,0.269651741293532,0,0.0946600331674959,0.00723051409618574,0,0
C18-M18,C18-M18,C18,5/23/23,Spring,Mouth,Active,,899,0.00236492632344915,0.249530046692135,0.00673094415135529,0.000788308774483051,0.251773694742587,0,0.0116427142077497,0.0164332059911467,0.0201321933175672,0
C18-S18,C18-S18,C18,5/23/23,Spring,Skin,Active,,899,0.00099502487562189,0.275124378109453,0.00132669983416252,0.0518242122719735,0.0986733001658375,0,0.00398009950248756,0.0323383084577114,0.0275290215588723,0
C18-A18,C18-A18,C18,5/23/23,Spring,Rectum,Active,,899,0,0,0.0445912469033856,0,0.333815028901734,0,0.12262592898431,0,0,0
C17-A18,C17-A18,C17,5/23/23,Spring,Rectum,Active,,899,0,0.000724966017217943,0.0830086089714545,0,0.325509741730856,0,0.0282736746714998,0,0,0
C17-S18,C17-S18,C17,5/23/23,Spring,Skin,Active,,899,0.00298836835088042,0.481954852650453,0.000781573260999494,0.0257459427152775,0.0966392349777022,0,0.00937887913199393,0.0238149970116316,0.00822950668934762,0
C17-M18,C17-M18,C17,5/23/23,Spring,Mouth,Active,,899,0.0424547123134626,0.521027850929694,0.000718218817333014,0.00319208363259117,0.0120501157130317,0,0,0.0236214188811747,0.0181150746149549,0.000319208363259117
C20-A18,C20-A18,C20,5/23/23,Spring,Rectum,Active,,899,0,0.00746987951807229,0.0698795180722892,0,0.430602409638554,0,0.105301204819277,0.00975903614457831,0,0
C20-M18,C20-M18,C20,5/23/23,Spring,Mouth,Active,,899,0.00884150305551944,0.181445845793785,0.00162527629697049,0.000455077363151736,0.243856455597452,0,0.011897022493824,0.0111819009231569,0.0369912885190482,0
C20-S18,C20-S18,C20,5/23/23,Spring,Skin,Active,,899,0.00257632358624243,0.335823779466701,0.000901713255184851,0.0177766327450728,0.243204946541286,0,0.0197088754347546,0.0329125338142471,0.0168105114002319,0
C19-M18,C19-M18,C19,5/23/23,Spring,Mouth,Active,,899,0.00907923291554099,0.113822578502148,0.00921209973869525,0.00460604986934762,0.220957526905532,0,0.040435803179946,0.00566898445458169,0.0709065946233225,0.000575756233668453
C19-S18,C19-S18,C19,5/23/23,Spring,Skin,Active,,899,0.0038659138308154,0.106210895772928,0.00752835851264052,0.00142428404293199,0.149855028231344,0,0.0315377180934941,0.00447632127778626,0.0913067806093901,0
C17-A8,C17-A8,C17,5/18/23,Spring,Rectum,Fresh,,292,0,0,0.1711038703012,0.331399507271716,0.264881188905666,0,0.0145434316140825,0,0,0
C17-M8,C17-M8,C17,5/18/23,Spring,Mouth,Fresh,,292,0,0.00570884871550904,0.0254519505233111,0.212297811607992,0.159134157944814,0,0.0133206470028544,0.179471931493815,0,0
C17-S8,C17-S8,C17,5/18/23,Spring,Skin,Fresh,,292,0,0.00235718247365502,0.00873544093178037,0.156267332224071,0.00513033832501387,0,0,0.0108153078202995,0,0
C16-A8,C16-A8,C16,5/18/23,Spring,Rectum,Fresh,,292,0,0,0.0792298819980481,0.367935409457901,0.142933191376098,0,0.17638186496318,0,0,0
C16-S8,C16-S8,C16,5/18/23,Spring,Skin,Fresh,,292,0,0.00355067785668173,0.00847320852162686,0.581020012911556,0.0206584893479664,0,0.0656068431245965,0,0,0
C18-S8,C18-S8,C18,5/18/23,Spring,Skin,Fresh,,292,0,0.00303297672879674,0.0127385022609463,0.669956986875483,0.0692070144479982,0,0.0231609132017205,0.0271313554648726,0,0
C21-M8,C21-M8,C21,5/18/23,Spring,Mouth,Fresh,,292,0,0,0.0255827174530984,0.0890278567367823,0.59169982944855,0,0.0181921546333144,0,0,0
C21-S8,C21-S8,C21,5/18/23,Spring,Skin,Fresh,,292,0,0.00034525088230781,0.00314561914991561,0.625594598741752,0.033412613165567,0,0.00214822771213749,0,0,0
C21-A8,C21-A8,C21,5/18/23,Spring,Rectum,Fresh,,292,0,0,0.00635883388769321,0.00459792604187048,0.759929563686167,0,0.0774799452162004,0,0,0
C20-A8,C20-A8,C20,5/18/23,Spring,Rectum,Fresh,,292,0,0,0.0653818004391315,0.000487923883874116,0.260876636578027,0,0.0641619907294462,0,0,0
C20-M8,C20-M8,C20,5/18/23,Spring,Mouth,Fresh,,292,0,0,0.160449373469682,0.00489701857986461,0.477171251620337,0,0.0538672043785107,0,0,0
C20-S8,C20-S8,C20,5/18/23,Spring,Skin,Fresh,,292,0,0,0.0193854183309368,0.549555307024551,0.0346700750918677,0,0.0205038078500293,0.000958619587793577,0,0.0010651328753262
C21-A18,C21-A18,C21,5/23/23,Spring,Rectum,Active,,899,0,0.000608272506082725,0.0477155988104893,0,0.786293592862936,0,0.0967829143011625,0.000540686672073533,0,0
C21-M18,C21-M18,C21,5/23/23,Spring,Mouth,Active,,899,0.00520689082147012,0.101755940840857,0.000553924555475544,0.00282501523292528,0.124189885337617,0,0,0.0105799590095829,0.0178363706863125,0
C16-M18,C16-M18,C16,5/23/23,Spring,Mouth,Active,,899,0.00405092592592593,0.0939980158730159,0.00148809523809524,0.0219907407407407,0.0827546296296296,0,0,0.0442294973544974,0.0181878306878307,0
C16-A18,C16-A18,C16,5/23/23,Spring,Rectum,Active,,899,0,0.000831658465590131,0.0776214567884122,0.012474876983852,0.333079215468847,0,0.154688474599764,0.00831658465590131,0,0
C16-S18,C16-S18,C16,5/23/23,Spring,Skin,Active,,899,0,0.0133624566362585,0,0.329435950147758,0.0597455993832712,0,0.00937941667737376,0.010407297957086,0.00115636643967622,0
C18-M20_P2-F08,C18-M20_P2-F08,C18,5/23/23,Spring,Mouth,Active,,899,0.00597394343819511,0.483508102955195,0,0.0242135367016206,0.0602478551000953,0,0,0.0193835398792501,0.0137909119796632,0
C18-A20_P2-G08,C18-A20_P2-G08,C18,5/23/23,Spring,Rectum,Active,,899,0,0.00380912805595955,0.0790913498164693,0,0.524413047995014,0,0.0847011565897915,0,0,0
C18-S20,C18-S20,C18,5/24/23,Spring,Skin,Advanced,,1062,0.00340745018769853,0.386889979786312,0,0.00958706323996535,0.095697372220618,0,0.0060063528732313,0.0150736355760901,0.0179035518336702,0
C16-S20,C16-S20,C16,5/24/23,Spring,Skin,Advanced,,1062,0,0.0405430653297627,0,0.331568786199165,0.0541819767079778,0,0.00529364140250358,0.0236034128417513,0.00112100641464782,0
C16-A20,C16-A20,C16,5/24/23,Spring,Rectum,Advanced,,1062,0,0.0207125103562552,0.0607566970450152,0.00957378256466906,0.305164319248826,0,0.190739206480714,0.00764061493141858,0.00266961244591733,0
C16-M20,C16-M20,C16,5/24/23,Spring,Mouth,Advanced,,1062,0.00444414057158485,0.377341720224258,0,0.00772596745521674,0.0559961712019691,0,0,0.0116915082729386,0.0492957746478873,0
C20-S20,C20-S20,C20,5/24/23,Spring,Skin,Advanced,,1062,0,0.352403085443038,0.00459849683544304,0.0173061708860759,0.154618275316456,0,0.014092167721519,0.018839003164557,0.0391119462025316,0.00158227848101266
C20-M20,C20-M20,C20,5/24/23,Spring,Mouth,Advanced,,1062,0.0104332204795136,0.134042700200373,0,0.00145097768258136,0.0298486837559594,0,0,0.00179644855938644,0.0830511987839425,0.00483659227527119
C20-A20,C20-A20,C20,5/24/23,Spring,Rectum,Advanced,,1062,0,0.244837758112094,0.022237349670978,0.000756372437788367,0.362907495650859,0,0.0269268587852659,0.025489751153468,0.00347931321382649,0
C19-A8,C19-A8,C19,5/18/23,Spring,Rectum,Fresh,,292,0,0,0.129868556544915,0.00327094312193349,0.491368344539342,0,0.0929795868919983,0,0,0
C19-M8,C19-M8,C19,5/18/23,Spring,Mouth,Fresh,,292,0,0.0349162011173184,0.00752975467573476,0.0124483847461744,0.25012144765606,0,0.0424459557930532,0.123390818557202,0,0
C19-S8,C19-S8,C19,5/18/23,Spring,Skin,Fresh,,292,0,0.000684803585880595,0.00168088152897964,0.711822200087157,0.00908921123077881,0,0.00541617381560107,0,0,0
C20-A24,C20-A24,C20,5/26/23,Spring,Rectum,Advanced,,1185,0.0198255352894528,0.180109157064888,0,0.000466483183281243,0.0498204039744367,0,0.0210850398843122,0.00163269114148435,0.0269160796753277,0.016513504688156
C17-A20,C17-A20,C17,5/24/23,Spring,Rectum,Advanced,,1062,0,0,0.101821286283438,0,0.363175867956744,0,0.0302788844621514,0,0,0
C21-A6,C21-A6,C21,5/17/23,Spring,Rectum,Fresh,,255,0,0.000448531060775959,0.0261269342901996,0.0134559318232788,0.378896613590491,0,0.232226956716753,0,0,0
C18-A8,C18-A8,C18,5/18/23,Spring,Rectum,Fresh,,292,0,0,0.0719162494310423,0,0.337551206190259,0,0.046335912608102,0,0,0
C18-M8,C18-M8,C18,5/18/23,Spring,Mouth,Fresh,,292,0,0.00611666418021781,0.0628822915112636,0.113829628524541,0.409592719677756,0,0.0689989556914814,0.0666119647918842,0,0
C16-M8,C16-M8,C16,5/18/23,Spring,Mouth,Fresh,,292,0,0.000111600915127504,0.0426873500362703,0.263880363818983,0.294012610903409,0,0.0203113665532057,0.00401763294459015,0,0
C17-M20,C17-M20,C17,5/24/23,Spring,Mouth,Advanced,,1062,0.00200208216545207,0.638183711059502,0,0.000240249859854248,0.00640666292944662,0,0,0.00272283174501482,0.00768799551533595,0
C17-S20,C17-S20,C17,5/24/23,Spring,Skin,Advanced,,1062,0,0.15447022553951,0.00348856076586078,0.198685705013792,0.102628589972416,0,0.00932987181567418,0.0173616745091676,0.00275839688463411,0.000567905240954081